word,wordID
clustalw,2332
send,1634
hypothesis,3359
practical,2153
virion,2866
nasally,2284
investigating,417
pli,2460
libraries,3064
haldane,1589
techniques,1657
kong,1710
progression,2272
unprecedented,1201
optimized,3319
sequence,79
extracorporeal,1287
traces,727
easy,2057
susceptibly,1575
wonder,3800
revising,2205
tutorials,1304
fashion,2070
contrast,2039
dissimilarity,2310
center,497
unmet,3405
con,319
buffering,2194
duration,3129
extreme,2918
oa,3870
mast,661
ceroid,1899
groupings,2634
synonymous,2418
reduction,2085
offices,1376
classifies,1645
orthologs,1907
indigenous,1618
systems,2100
sole,3638
incidence,3099
throughput,2045
tripeptidyl,253
later,1583
whose,1755
counterparts,2013
corresponding,1785
anomalous,1665
become,1538
blotting,3506
systemic,2227
coronaviral,2910
ffaaeb,209
pseudomonas,1924
intelligent,3628
subcellular,3451
red,1273
glucose,3625
unrelated,1586
shows,637
kit,1350
problems,2162
might,875
poxviridae,499
transfusions,1271
frames,1848
hybridized,1878
emotional,2209
obvious,2108
extending,1326
toxicity,2714
contagion,1695
bulletins,2996
blood,1274
fix,1738
unfortunately,2215
orfs,2632
subjectivity,2554
cocksfoot,737
variant,3467
transmembrane,1778
enabled,2590
promoter,2269
first,1107
tools,2114
binds,918
exists,1999
belgium,593
consuming,2437
nucleotides,2011
allograft,1479
strikes,3798
quasispecies,3437
via,1960
suffers,2253
value,1593
prototype,3322
realising,2168
structural,1116
advance,2276
limitations,1852
physical,2208
extracts,1426
punctate,1545
monitor,2138
flanking,3756
system,174
does,1239
accelerated,2023
perinuclear,1535
snps,2309
synthesis,89
walls,3643
families,1798
trs,1065
issue,2231
example,2090
populations,413
ancestor,2015
handle,3394
women,3807
controlled,1258
ethical,1295
cough,810
tgv,1825
spatial,1672
conversion,1494
structured,2921
transferred,1044
mutation,366
classical,1203
demethylation,3051
aggregates,1655
fallacy,1980
raise,2239
mismatch,3688
questions,1254
allergy,2977
accessed,3607
randomized,1257
enables,2507
do,1731
hand,467
service,2148
uncharacterized,1868
mathematical,2526
based,311
actions,2128
casual,2696
death,185
ec,287
accessibility,3826
redirect,3406
serial,2608
lipid,933
involve,1500
solves,2258
rk,3039
membrane,1521
ace,573
budget,2431
submitted,2362
templates,1223
source,2279
transport,2029
bayesian,1651
help,2124
insertions,2301
hone,2815
apply,3420
pray,2234
glutamine,1194
sizes,3291
software,2485
rules,613
donor,3225
underlie,3589
treatment,324
compatibility,2334
great,1853
intra,3348
synergistically,3507
ones,2330
province,1692
carry,2228
november,1943
represents,2089
vesicles,3457
density,2322
overwhelming,879
annual,327
effector,1543
counts,1667
having,2314
six,2842
comparing,1605
interact,2054
profiling,245
hierarchical,3542
dynein,2068
designed,1860
quarters,800
originate,3212
environment,1417
asymptomatic,2687
hl,1641
npfit,3630
out,2351
arising,2606
reflects,2005
degrees,3678
kd,3442
civet,2630
gfpuv,3695
insights,2092
neither,1902
outbreaks,1632
superimposed,1707
sampling,1370
directly,3424
represent,3658
respiratory,206
assemble,3682
diagnosing,2754
variations,1202
debates,1302
tropicalis,1920
practice,2113
graphics,3397
impacting,2429
consists,2963
rnas,2034
permeability,384
reflecting,2103
short,1225
constitutively,1490
authorities,2201
simulated,3606
marker,3567
maturation,1527
paired,2609
eukaryotic,1430
establish,1567
multiplexed,3279
mek,3037
particles,1381
densely,1610
spreads,1
received,1297
painless,3530
themselves,1446
contained,1863
differentiation,3461
discovered,2893
il,2668
smallest,2319
term,1964
metabolites,1495
focused,3835
hybridization,1867
staining,3778
autopsy,3512
exotic,3631
interaction,2936
fields,2260
complaint,1648
sindbis,2879
construct,1767
european,2182
bacillus,3228
possess,1224
observed,1623
countries,2180
experience,2221
know,2520
wild,2035
unsystematically,3830
complained,3120
candidate,1422
follow,1743
contiguous,1227
separate,3369
tospoviruses,2862
described,2262
slippery,1411
arteriviruses,1214
localization,1555
mobile,1406
limited,2675
years,2395
monocyte,2663
cases,1580
administration,1503
microbiology,775
models,860
correlating,2270
extraction,1371
position,2822
inspection,2901
demonstrate,2021
comprise,1410
along,2325
hypothesized,1386
alphavirus,2880
methodology,1372
substrate,1187
acceptance,3623
cost,2127
course,2468
maternity,3822
how,3249
considering,3227
observations,3720
room,1364
retrospectively,3421
unless,3188
haemophilus,3230
missing,3263
tail,3356
aerosols,1339
trials,1282
former,2335
monkeypox,2962
succeeding,2806
mononuclear,2651
those,1362
last,2014
greater,1361
rhinoviral,1338
multiply,1547
unsuitable,3312
doses,1359
acquiring,3554
animation,2196
california,1353
appears,2628
new,181
apparently,1241
transplantation,1482
properly,2117
corp,1351
alpha,656
hrct,3111
space,3539
complicate,3661
rate,367
argue,3790
workforce,3840
widespread,3056
cbbea,218
whereas,2025
compartments,1523
pie,2193
buffer,1348
nhs,2149
standard,1305
containment,2701
geographic,316
managing,526
strain,2338
enable,2488
collected,1343
uv,1337
inferred,2420
lives,1941
lymphopenia,2647
lse,3440
operational,3722
institute,2976
motifs,1766
efficiently,3741
chamber,1332
microsphere,3277
ffca,237
stabilize,1198
adopted,1781
ability,2256
testis,632
substrates,1196
ideal,3007
patchwork,3083
colocalization,3771
unslippery,1450
disputed,1318
discussion,3478
department,3484
past,3384
occurring,1311
rotational,3679
negatively,2932
enthusiasm,1309
renewed,1308
original,2745
seminars,1303
prevalent,2793
ventilation,1292
tenuiviruses,2885
strength,2849
subgenomic,88
mechanical,2457
containing,935
ageing,3485
save,1276
possibly,1315
few,2257
reduce,1268
concentrations,1262
rabbit,2048
specific,627
mismatches,3346
samples,1357
established,1261
benefit,2266
vector,1806
xxy,1413
areas,1293
fibrotic,3128
uncontrolled,1981
lipids,931
regulated,3242
strike,2393
laboratory,1255
exchange,2965
remaining,3690
b,21
outcomes,1253
marked,1307
dying,1966
inhibition,652
quarter,3183
homologues,3055
databases,3378
g,1251
interfering,2033
however,1238
toroviruses,1230
moreover,2521
presumably,1228
studied,1212
representation,3701
order,1209
regularly,3106
toro,1205
tabular,2492
evolved,1200
prompting,1748
ill,387
box,3314
faebba,288
higher,1926
correlate,1401
spreading,1615
proteolysis,3154
infect,2246
eca,517
window,3216
summer,2388
atomic,1108
negligible,2621
peak,3816
when,1431
delineated,2796
treated,3505
mask,1461
classification,1820
meskauskas,3668
mrnas,1028
lactoferrin,3243
flow,3268
official,3475
versions,3388
divergent,2889
medical,3403
albeit,3659
fb,24
unlabelled,3280
increasingly,2425
biases,1842
germ,3462
anthrax,3079
carcinoma,3637
complications,828
insertion,3325
termination,3759
tackling,3850
third,2904
sulfonic,3515
series,3676
spectrometry,3417
block,2588
disorders,1564
discontinuation,2685
barriers,2827
justifiable,2528
favoring,1602
crisis,3014
ards,1285
positive,767
v,1802
issues,1296
whole,394
employs,2911
amplifies,2987
september,2546
probing,3650
lysosome,3444
antibiotic,2424
central,1052
microtubules,2071
undesired,3202
major,2626
phylogeny,2307
jurisdictional,3091
global,10
carboxy,2583
until,1617
aftermath,3857
alkb,519
exposed,1340
for,81
mcdm,3518
jc,1397
project,2966
introduction,2445
beacons,3270
shigemoto,3640
large,1746
lacking,3561
spermatogonia,3450
differentially,3239
desirable,2479
constitutes,3700
leads,2738
wheatgerm,1425
java,2511
potential,1840
sir,1704
sites,354
universally,3698
false,2255
isobole,3499
tissues,2602
approximately,1872
implication,3367
green,3453
microbiological,3626
mechanistic,3681
ie,3501
innate,894
staff,2435
pseudoknot,3652
mucosal,1013
academic,3596
latter,3332
conducting,3602
coronaviridae,1758
battle,2399
scored,3610
ssop,1578
devices,3600
locked,560
modulates,3368
where,1415
two,1096
dual,1444
mediates,2865
provide,2091
membranes,1540
sometimes,3226
proteases,1129
uncertainties,2705
kink,2924
ribosome,3665
w,3647
min,2465
cinahl,2837
di,1836
fulfils,1072
ambulatory,3582
multivariate,1660
nucleocapsid,2038
api,1954
dabd,415
bev,1235
estimate,2411
transcription,122
interference,3785
detecting,1329
planning,2125
accompany,3581
arteri,1204
concerns,3825
streptavidin,3284
decarboxylase,1994
long,1963
insurance,3811
tracing,426
chemoattractant,1002
face,1458
inpatient,3579
protects,3046
midst,3013
icu,2430
themes,3624
artificially,3627
epithelial,71
dbc,579
biologist,3399
extra,115
ethics,460
cocirculating,3324
empower,2121
overlay,2195
asian,1614
cbe,516
fed,346
netherlands,3323
input,3693
bio,3192
plant,172
impair,3161
drove,2225
indication,2337
subtypes,3321
cov,233
vaccination,428
stress,435
spontaneous,3136
total,2769
enzymatic,1501
growing,2104
needs,3404
cores,2084
settings,2794
genorm,3308
discontinuous,87
thermometers,3179
accuracy,549
mutable,2917
began,1799
foodstuff,3142
resistance,406
patient,1265
euler,3532
ferrous,1498
require,1438
thematic,3000
prokaryotic,169
plasma,2290
initial,2973
matrices,3275
match,3468
random,2326
phosphoinositide,3031
cause,993
officers,3483
designing,3252
progeny,3796
enriched,3692
acids,3267
labile,3165
current,755
consisting,3333
properties,602
owing,3730
diagnostics,3253
treatments,3254
ignore,3090
examination,2408
intranasal,343
army,183
resembles,1039
resolution,1167
style,170
implications,307
imaging,3098
expect,3577
on,140
connect,2499
world,274
pombe,2002
discontinous,1243
stringent,3240
proteomics,477
without,2423
activated,2669
catalyze,1492
conventional,3075
tunnel,2929
weapons,2960
plots,3500
cae,578
molecule,3191
reduces,3551
required,781
nidovirus,86
powdered,2287
but,640
bovine,3742
employ,1215
corrected,1592
asn,1448
cytometry,3269
made,2379
twelve,2010
methylcytosine,3049
looking,3219
consider,3089
straws,2282
proactively,2177
methylating,3047
uneventful,824
calculating,3217
proposed,3211
sources,2993
variola,2958
rsv,987
serum,537
proposing,2944
phylogenomic,3062
causal,3028
belief,2349
hnrnp,2016
systematically,3194
potentials,2144
address,3193
raf,3036
hong,1709
relative,3343
reaction,1020
glycoproteins,483
pancoronavirus,590
iqr,3616
affecting,735
action,559
envelope,2878
exploration,1114
behavior,1696
ig,1097
simplifies,3402
public,215
pesticides,3074
ea,123
smoking,1510
investigated,3030
annealing,2757
cystic,2367
overcome,2759
causing,2385
imv,2072
website,2381
inconsistencies,3848
modulation,3372
median,2772
passage,2620
codon,1136
much,1360
fission,2000
beyond,884
spermatocytes,3449
wanted,3061
seems,3071
experts,2442
post,2679
biologically,3560
perfectly,3344
propose,2525
stomach,164
clones,2571
unexpected,1154
difficulty,2553
essential,378
exhibited,3127
synergizes,3488
hantaviruses,2859
tga,3834
became,2214
maps,2081
pan,3836
repair,2716
phosphorylated,3040
suspects,336
detection,148
signalling,2595
internalization,3362
whether,1229
traced,2693
remarkable,1832
polyprotein,1127
ifns,3489
member,1085
documented,3639
alone,3497
centers,2978
retrieval,3540
errors,713
gamma,657
injury,858
stochastic,429
enhances,3199
square,2537
since,1757
enzymes,1901
termed,3684
infecting,2658
assumed,2699
jacobs,3666
contain,1029
measuring,551
being,2213
amplified,3744
macrophage,2664
cartography,2110
hogg,2718
prevent,3261
inference,2422
binding,1105
reactive,1487
will,130
deserves,1987
rigorously,491
rda,3727
lysosomes,3458
fd,23
df,61
lectin,915
twist,708
taiwan,748
objectives,2151
microbial,852
gel,1354
case,261
secretory,1558
rely,2561
half,3200
climate,2134
production,547
computerized,3109
lining,906
solid,3274
commentary,886
fatality,262
good,3008
medline,2834
interventions,2833
method,289
application,2059
occasionally,3410
certain,2640
usually,3247
competently,2821
introduces,3550
parental,644
misdiagnosed,3133
house,2763
propagation,225
independently,2585
genomics,2550
introductions,2703
sensitivity,2360
autophagosome,3786
hnth,2719
droplets,7
asparaginyl,1442
identification,1734
origin,304
topics,2799
evaluate,2990
splicing,2018
consistently,2785
april,2386
encode,3360
completely,1933
hcv,1121
normal,127
throat,2782
uncertain,3016
cpa,1839
dimensional,1921
centrosomal,2087
numerous,974
milder,1723
embryonic,3448
species,728
near,1148
vaccines,3262
chose,3619
rehab,608
providers,3827
master,2765
atypical,3222
down,1752
polyubiquitin,2044
lesion,2717
grade,3140
epidemiology,765
leucopenia,2649
influenzae,3231
southern,1613
weight,3441
user,345
rectulv,3464
interferon,655
ground,1958
play,981
diagnostic,2250
educate,2119
coupled,2432
aae,313
cloning,2051
biotin,3283
slower,2737
available,2380
continuous,2677
line,2742
effbdffd,136
retrieve,2504
annotation,2495
calculated,2613
means,3621
grow,2736
org,2982
graduated,2191
molecular,580
reported,1165
pennsylvania,1683
mimicked,2671
accepted,2734
aspects,3063
replacement,1289
blot,2730
modulator,600
tomography,3110
inherently,1449
forms,961
snp,2300
utilized,1951
million,1124
tropism,1714
ozone,1959
bioterrorist,2706
adaptive,3509
social,2695
eef,710
promoting,3185
evaluators,3612
improve,132
preferential,2031
suspected,2364
proinflammatory,1476
followed,1137
macrophages,927
contacts,2680
antibodies,2662
architecture,1112
creb,2371
presents,2755
consequences,1715
restrict,3586
local,3214
complex,923
valuable,2816
clpro,2635
involved,2017
three,799
bedff,752
concepts,891
proliferate,2591
centered,2631
heads,3125
can,683
i,203
smooth,978
commitments,2131
ce,295
similarity,230
interacting,293
understanding,1012
brennan,3641
northern,2908
operating,2515
direct,1884
cultured,2604
greatly,3401
allows,2601
hantavirus,636
propagate,2600
lipocalin,3244
microscope,3555
rest,1693
visitation,686
protection,433
appeared,1601
antiviral,2565
excision,2715
boundaries,3092
insulin,2572
introduce,3683
aspirate,2451
profoundly,3502
scenario,3609
accurate,2543
collagenous,913
mature,1132
males,2771
has,971
virus,14
analyzed,1906
allowing,1739
a,20
synthesized,900
ee,308
avoid,2552
defined,3171
adult,631
aligned,2496
either,1048
primers,3734
capillary,2471
advanced,3396
hepatitis,99
antisense,1066
advantages,3373
secretions,342
scales,2184
process,1042
average,2320
interior,2931
hts,3208
coincided,2549
thermometer,555
hotel,2623
multiple,1073
distributed,1925
mediate,2083
always,2440
reliable,2790
parasites,2560
compliance,2439
mutual,1171
damage,1475
dynamic,535
fibroblasts,3495
different,1033
estimates,2421
adjusting,2413
indirect,3260
ubiquitin,2375
calcium,914
puzzling,1694
performed,1579
newly,2008
territory,3086
isoforms,1088
behaviour,3635
fundamental,2398
iv,3163
reinforcing,2392
loop,1103
die,1975
molecules,926
led,2382
vero,2605
precursor,1745
illuminate,2172
pressure,3073
rapid,1886
addition,930
groups,786
n,1100
successful,3868
like,1098
isomerase,3317
contribute,965
afae,583
young,1989
largely,2642
downsides,2229
exons,3342
organisms,1927
monitoring,1742
severe,204
enhancement,3158
sanitizer,2832
cytoplasmic,286
antivirals,3869
come,2396
adf,362
clinicians,2216
occurred,792
merely,1069
may,599
improvements,563
poor,2784
subsites,1189
affects,1123
hinder,2828
kinase,3032
remain,1007
some,827
hindering,2163
otherwise,2916
finally,1735
produce,1130
efficient,542
potent,975
strategy,236
core,1143
orientations,3544
receptor,1082
poliovirus,3767
arrested,2347
funded,3829
there,954
assumptions,2527
no,845
homologue,3361
transformation,2597
epidemiological,3409
nasopharyngeal,2779
transmission,619
little,3330
priorities,2133
mainland,1942
equine,1059
tripeptidase,1936
hormone,2582
would,883
mismatched,3686
highlights,2509
sought,2941
noisy,672
region,1711
embedded,1815
digital,2109
tube,3301
microscopic,674
opportunities,2810
inhibited,1550
prevention,469
circles,2192
size,3153
wearing,1459
k,2533
inhibitors,1794
subsequently,1816
right,443
aim,2197
indicated,1821
aa,52
release,2967
ssrna,1797
vivo,739
propensity,2881
amplification,449
lytic,407
interface,1669
caution,2851
leukocyte,1559
intensive,141
decoding,1419
oc,2892
subverted,3787
expressed,905
hallmarks,3769
ede,97
feedback,1996
cell,412
respectively,998
responds,1484
s,264
were,773
retrovirology,2261
recruit,182
fixation,3780
reasonableness,2992
reviews,2187
locations,3070
identity,1418
fights,3189
ptgs,3059
measure,1805
dc,134
macromolecular,2949
index,1953
sudden,3584
retrieved,2353
suddenly,3799
october,2240
childbirth,747
translational,278
day,678
dee,269
comorbidities,802
china,266
facilitate,3697
domain,117
towards,309
elementary,473
find,1720
interesting,3660
courage,611
assessing,2204
rods,212
eight,2264
restrictions,687
involving,869
nevertheless,3471
describes,764
chain,1019
not,131
nucleic,447
algorithm,1812
descriptive,314
isozyme,1491
ribonucleoprotein,284
verified,3245
constructed,3733
daf,702
bulk,3853
compounds,3076
understand,3238
ontario,2241
mutability,3259
bench,3398
nucleus,2019
integrity,3718
usual,335
cytometer,3278
list,2497
consideration,3087
explicitly,2673
included,2674
murine,95
concomitant,2596
mechanism,1038
vectorial,1800
indices,847
pseudoknots,709
increasing,2477
family,989
magnesium,2934
it,791
differed,3177
points,1780
spring,796
infection,76
mucosa,909
sceacam,96
fdf,574
nairoviruses,2861
or,916
profile,575
ca,68
autophagosomes,3770
successfully,2052
fever,811
of,27
dad,650
monodansylcadaverine,3779
dfa,120
mixtures,934
beijing,3105
intracellularly,3150
dcd,582
features,26
composition,2898
conversely,1441
sensitive,3438
extension,2584
influential,1440
spherical,3549
adhesion,1004
seen,1626
difference,730
difficulties,2988
functioning,2176
including,1001
reith,3648
orientation,666
pathogenic,240
noise,3288
organs,2247
tract,457
culture,28
programme,3629
fragments,1881
negative,1222
consistency,3182
quest,3376
alerting,2185
at,33
during,85
per,2416
serine,1889
student,2732
ac,159
devoted,2743
charts,777
changed,272
q,3714
resource,496
broncho,2778
antizyme,1998
authors,3232
pancreatitis,665
internalized,3363
virology,441
pc,1594
qualifications,3842
saw,3077
sense,1064
classify,1817
macaque,1910
baae,751
disassembly,2589
timing,3572
drug,344
pro,44
sedolisins,1891
dabfa,556
often,863
eb,39
entering,3587
if,2698
comparable,3719
studies,1256
rat,1911
opportunity,3233
peripheral,1544
cytoskeleton,2062
hmyh,436
intact,3699
food,3139
colonization,377
literature,880
commonly,843
deletions,2302
assist,2200
hsv,2446
assay,156
pre,790
mitogen,976
situation,1713
believed,1249
touchdown,446
implements,2281
interquartile,3615
infectiousness,2683
targeting,1071
fda,1782
antigenic,2633
coincident,2557
discovery,247
searching,3374
sero,3132
experiments,1333
useful,1741
key,322
forced,2587
efficiency,2004
concept,3295
interstitial,2645
regional,2181
freedom,3680
joint,3121
ebc,312
recombinant,634
mean,3172
trends,2203
hospitalizations,2384
scenarios,2154
autoregulatory,2007
possessing,2946
lactic,3137
transcriptional,489
disrupts,297
qiagen,1346
acyclovir,2469
aded,717
voiced,3831
afa,515
abdominal,3527
systematic,462
cca,363
ingredients,2166
end,1031
mer,1864
viruses,241
fail,3557
coli,1424
aeea,598
db,77
ba,91
wheezes,815
avenues,1156
challenge,949
detrimental,1985
altered,953
xenopus,1919
substitution,595
these,938
glycoconjugates,920
illnesses,2433
shared,3490
trafficking,601
study,268
isolated,414
quantitation,3289
subversion,741
association,200
men,184
rather,2475
basis,861
cea,1083
controlling,3370
signaling,510
fbd,379
epidemic,222
still,1717
cys,1179
persons,1728
lower,1247
resonance,3123
penetrenes,487
trna,178
lysate,2050
glycosylase,438
machine,2516
dynamics,411
dfb,633
informative,3712
about,4
importance,1511
conservation,175
absenteeism,472
reference,585
prevents,1478
converting,3206
influenced,3347
encoding,625
motif,2043
apis,1969
tetranucleotide,243
contact,425
threats,3632
fc,51
air,259
such,865
telangiectasia,3337
north,2627
apoptotic,1506
professional,3841
dde,118
efficacy,2708
transfusing,126
chemokines,2667
hla,201
acetylesterase,629
feasibility,3593
corona,589
subsequent,1369
fec,617
lose,3186
quantitative,587
seasons,3318
mid,2212
underlying,832
against,1466
rbcs,1275
immobilized,3687
classified,2313
surface,919
frameshift,102
professionals,2120
bbda,420
reporting,2844
overseas,3845
mortality,841
abnormities,3116
qualitatively,2312
capsid,3543
aerosolized,1325
beings,1400
concerning,2746
sorting,3355
is,442
comparisons,594
somehow,1934
necessary,2812
qualitative,506
overview,9
mesh,2102
mice,943
programmed,736
private,1638
conformational,1791
influencing,1841
according,2304
absolute,3173
faaf,186
iterations,3694
alerts,1663
history,162
published,332
helped,2811
isolate,1869
component,323
illness,470
peroxynitrite,868
distance,1804
compared,1970
determining,3764
assess,1962
man,3080
lys,1433
host,58
regulates,285
priority,504
very,671
built,1922
times,2538
roots,2624
clusters,2502
that,271
abdulaziz,35
age,785
abdomen,3531
implementation,1630
february,3236
receiving,3130
revealing,3715
kb,1873
among,1321
today,3407
combined,2761
transgenic,942
substantially,3198
mj,1342
sequencing,1880
sg,1218
signals,1405
f,22
nonlytic,3794
leucine,1195
agree,2797
expected,3758
helical,116
fused,1032
analysis,349
pattern,620
virions,3797
secretion,539
bb,104
bunyan,1454
make,3223
known,850
hexanucleotides,731
diseases,529
template,1046
pain,663
came,2770
surfactant,54
operative,876
caenorhabditis,2886
through,6
ae,67
counter,1674
tata,3313
collinearly,2883
implicated,973
relationship,238
perpendicular,2930
steady,3702
vicinity,2065
clone,3859
every,677
oxygen,1488
beta,486
neisseria,1117
heptamer,3752
discovering,160
retroviral,2723
fish,1915
country,3088
neural,2356
unravel,1024
toronto,328
the,13
chains,1193
radiation,2725
simplex,382
consultations,3482
mammalian,2003
painful,3513
dd,119
type,383
fears,3801
decreasing,1335
highly,1435
bacterial,950
ef,390
consensus,715
any,1109
hypoxia,1485
identical,1240
generation,881
rhinovirus,147
identified,774
kind,2267
tyrosine,3354
supports,1670
conjugation,3287
technique,2831
homophilic,1118
carcinoembryonic,1086
mutants,1077
proposes,3535
plants,3060
poly,3729
flexiviridae,3065
coronavirus,5
existing,1327
complexes,3792
alignments,395
retrospective,762
need,2444
mind,3400
resembling,1216
los,3810
receives,1675
pathology,357
conclusions,1609
medicine,144
powers,3081
coat,3573
solution,3281
diversity,3207
upstream,1774
methicillin,373
human,161
singapore,621
facing,2984
elicit,3860
serve,1089
mirror,1220
pointing,2306
compatible,3201
tula,635
posed,1851
dominated,1281
termini,1233
elucidated,3766
john,1453
muscle,979
register,2840
diagnoses,3521
effort,1566
pointed,3427
possibility,1984
cytoprotection,1465
microcapillary,725
evaluation,507
bbb,658
revealed,1168
induced,513
migration,1534
presumed,864
travellers,2199
continually,2137
eab,711
reviewed,778
dae,258
cc,92
accumulation,962
experiment,3571
toxic,2728
strip,2760
tests,3097
modern,1388
purpose,2989
macintosh,2513
proven,29
representing,3341
immunofluorescence,454
emergency,143
bridged,3286
collectin,917
geographically,1399
obtaining,2359
ascribing,2132
activate,3663
evaluating,1687
cytomegalovirus,653
blast,607
pulmonary,57
derive,1814
comprehensively,888
assessed,2638
positions,2299
ceec,744
phylogenetic,1391
encounters,1635
involvement,508
ed,105
mixed,3738
cells,72
reappearance,2342
genitourinary,911
an,114
interrupt,3804
improved,2735
provider,3808
comprehensive,498
chinese,1977
dividing,2548
broke,2517
sanitizers,468
et,966
phosphatidylinositol,936
arise,3265
message,1642
while,1068
pregnant,3806
relatively,3069
everywhere,3258
inhale,2285
trace,2697
fluorescent,3297
horizon,697
evolutionarily,1207
antimicrobial,464
pollution,260
mutated,3338
map,2082
proved,2206
oxide,43
efd,347
searches,610
my,273
removed,1703
projections,3534
plaque,3498
material,3592
characterize,1871
stranded,1796
neuronal,1898
analyze,2297
juxtaposed,1777
cools,1751
incorporating,2532
metabolism,956
completed,3617
everyday,3575
cauliflower,3564
guided,2169
provided,2704
amplicons,3746
factor,1813
modified,2999
discuss,1014
longer,2927
exponentially,3380
class,202
body,552
genomes,1909
gain,2814
previously,1248
offer,2107
ff,193
coronaviruses,2354
developments,3474
modeling,1904
etiologic,2599
regard,3156
disparate,3717
coefficient,1808
members,1115
carbon,191
vehicle,3504
formation,867
gfp,3454
cb,302
etiologically,1754
modelling,1185
characterizing,2277
pathological,3256
shifting,3821
ix,1497
featuring,1184
media,3481
hospitalized,592
trnas,1420
especially,2198
connected,1182
specifically,924
self,1175
delays,2711
semi,152
digestive,3143
hour,3018
re,2979
protomers,1173
nitrogen,1489
refined,1166
route,2058
gastroenteritis,1164
possible,355
ced,50
implicate,1186
kda,1162
avian,3078
did,1367
extremely,1160
quiet,2387
graphical,2493
palm,2629
reacted,1150
description,211
state,1299
codons,1142
psf,2722
screens,3329
inflammatory,45
storage,2964
sequences,1034
after,1481
ready,558
oct,2373
requires,1141
education,458
immunodepresssion,2474
hypotheses,3375
inserted,3754
sseg,197
share,1765
confirming,2907
physicians,3591
university,36
employing,2610
close,2615
unfold,2060
nl,490
communication,2752
dioxide,337
tracts,912
estimated,2415
journal,444
encoded,2867
indeed,1883
start,2456
frame,1140
threatening,3237
eosinophil,873
initiation,1135
pandemic,8
histological,3520
to,74
lessons,688
guangdong,1691
routinely,3439
delayed,2030
beacon,584
labeled,3340
worldwide,1125
aeb,106
ph,3556
most,783
ms,3418
resequencing,3327
epidemics,1708
linked,691
same,1822
facilitating,1760
vaccinators,2676
prototypic,1111
eff,361
r,615
use,1231
health,216
ffe,534
stability,565
question,1795
compares,3387
processes,1470
backup,453
incompletely,1008
passages,646
side,1192
causes,1701
transcribed,1219
fcd,740
dog,1912
who,833
technical,210
decision,2122
oligonucleotides,3209
fabc,733
character,2817
infected,588
rubella,512
endothelin,64
emergent,3634
location,1536
lab,3138
percentage,1727
addressed,3155
simple,2530
peptide,968
sequenced,1756
technologies,698
sialic,626
hospitals,1633
polymerase,1018
receptors,1090
too,3413
agent,1787
distribution,1572
bound,1522
physiological,1467
eliminate,2690
they,1404
round,794
highest,2294
cbc,548
daily,1678
network,430
promotes,1434
cytokines,1003
signal,703
y,2773
hits,605
perspective,2047
eleven,2053
suggest,480
rapidly,2490
identifying,3866
around,2012
increase,544
common,788
mannose,2573
increased,846
baeef,618
tails,1595
folded,1102
inactivated,1380
nature,1025
undergo,2637
future,1698
effective,532
profiles,2244
appropriate,1733
proposal,614
elegans,2887
named,1134
adjusted,2622
describe,1856
bunyaviruses,484
bestkeeper,3307
allele,1576
approved,1783
scale,2164
critically,386
allogeneic,1270
financial,2130
alzheimer,2055
program,1569
positioning,3664
impacted,15
parents,550
bdac,368
count,2902
values,3588
hazard,3264
works,3152
target,999
teflon,1344
related,471
step,1080
genes,577
leak,2459
therapies,2566
outcome,133
delivery,2798
unmethylated,3054
understood,1009
gave,3548
developmentally,3459
predicts,2377
conclusion,834
neutralizing,1099
include,1769
interventional,3598
rigby,3646
cdb,358
reconstruction,670
employed,2542
number,1469
netcorona,2376
emphysema,959
then,2535
domains,521
ranked,3306
allocated,3854
using,249
derived,871
simultaneously,1725
unknown,1874
handheld,692
practices,2106
arrangement,1172
inefficient,3735
edadf,502
frequent,591
rp,2372
endocytic,1532
site,303
natural,1153
downstream,3753
relations,649
stay,3809
homolog,3774
ambient,1976
heterophilic,1119
elapsed,2402
membraned,3768
radiography,3093
unmodified,3204
deposited,2969
damaging,2740
selected,1818
admissions,3580
upon,2562
suggests,234
nasal,341
closely,1402
deviation,3218
conclude,3655
pathways,511
advances,753
wards,3823
opens,3250
repressor,2579
complementary,3328
regarding,3433
constrained,1937
bacteria,165
sandfly,2875
display,1017
addressing,2167
congruence,1844
genetics,3366
savings,3552
now,2518
relevant,2365
autophagy,3784
fibrosis,2368
smallpox,423
bead,3266
females,2774
diverse,939
argues,2472
relatives,3578
icus,2427
amount,2845
document,2906
due,831
colon,3446
units,2426
lectures,1301
filaments,3525
bf,62
orders,3608
indicating,1152
mapping,317
terminus,1197
gram,3141
diverge,2524
benefits,3594
embase,2835
tracheal,2450
differ,2483
filtering,2611
res,3649
differences,2339
abd,396
dafefe,400
cl,352
had,801
optimization,3160
researchers,2489
sliding,3215
months,3114
versatile,2243
rr,1971
fa,65
refine,2617
ions,2935
tool,609
logistics,421
strategies,756
admission,782
union,2183
approach,1803
occurrence,3257
abstract,2836
genome,350
only,817
we,1011
spatio,2175
fills,3562
replacing,2787
pause,3673
better,2956
dose,1341
swabs,2783
change,612
rinse,465
supporting,2348
occur,1530
ratio,1591
patients,372
impacts,3371
harger,3667
axis,2926
organism,2482
nurses,3168
cleavage,353
personal,1571
informants,2998
individuals,2218
diffusion,3115
phases,3001
tnbs,3516
sirna,564
intraclass,3180
disrupted,2570
year,793
metalloproteinase,957
genomic,571
interactions,1120
fidelity,1056
limit,2464
ultimate,2171
pbrc,2951
secreted,901
presented,1930
dependent,848
standardization,720
adjacent,1439
ten,3305
circumstances,2522
gsk,3041
proliferative,3029
supplemented,1429
adedd,660
exclusively,2741
equation,3862
fighting,2249
anecdotes,2224
uniquely,1101
positioned,3675
fast,2
additionally,3135
recombination,676
his,1180
h,2727
ceb,364
mechanisms,581
requirements,80
transmissible,1163
stimulation,2541
scientific,2952
enabling,3793
framework,1737
formed,3472
vast,3731
tolerate,1246
context,1452
output,2494
stimulated,3503
stem,2913
single,177
together,2235
frameshifter,3654
scheme,2612
form,2920
pathway,404
candidates,2378
eecb,431
prostate,3445
internet,318
services,2098
pharmaceutical,3837
cleaved,1128
analytical,501
types,2777
constantly,3017
valencia,1352
paper,2150
function,301
control,424
ceacam,1084
show,944
increment,1968
comprehended,3390
bfa,168
uncover,2614
their,699
chest,3107
continue,3379
oxidations,866
gold,3703
emails,2995
focus,985
model,223
fcb,432
synthetic,714
combination,110
hffs,3496
substitutions,2498
impediment,531
what,2974
twenty,803
typical,3653
vitro,416
error,3696
role,63
cesarean,3814
da,157
resolutions,3545
broader,3479
herein,1857
phenotypic,2510
programs,3828
breathing,819
pooled,2846
efficiencies,3757
repeated,3385
generate,1718
minus,1050
abelson,3844
why,682
and,56
dissemination,3511
oxidant,853
antiparallel,2870
functionality,566
titers,3466
freely,3708
yields,3149
pseudo,3677
vaccine,2707
nuclear,283
neutral,3566
pneumoniae,31
prokaryote,3221
premature,3762
antigens,898
obligate,2559
pathogens,1382
month,2767
cfmv,3748
discussions,3604
tensions,3184
eafb,476
proteolytic,2345
unit,371
biochemically,3364
reduced,638
directed,2954
laws,533
enzyme,1158
becomes,2077
mycoplasma,30
predicting,1697
interplay,3365
pvm,988
orthobunyaviruses,2858
expressing,1421
dates,2544
flu,3856
divergence,2414
demonstrating,1061
faster,2789
organizations,3012
decrease,1277
retention,3357
parainfluenza,3743
acd,659
cbb,199
arteritis,1060
minimal,3749
date,397
inform,2118
annotated,2328
bodies,1035
frey,3524
protein,55
ifn,3487
success,3422
active,1177
added,2101
march,1280
give,2909
repeat,1773
polyoma,1396
predominantly,3613
chronic,664
practitioners,2436
synchronous,3739
favor,2847
diagnosis,456
influence,932
heptameric,3674
petrov,3670
picornaviruses,2344
calls,3846
ratios,3706
reversal,3052
subgroup,2323
degradation,1468
visualization,2487
crepitations,814
genetically,1612
vacuoles,1525
malignant,2594
so,3210
ir,2726
define,3331
t,684
permit,1022
period,2768
conformation,1768
activities,882
colors,3392
one,1045
examinations,3112
information,2096
prior,2684
coevolution,3436
effectively,2259
simplifications,2529
ebaed,488
hmth,2720
decline,3716
comprised,1178
filters,1345
federal,530
eventually,2305
diagnosed,3104
heterogeneity,2682
junction,1146
characterization,567
attempted,1905
up,1616
vaccinia,296
easily,2508
enhanced,2580
package,2486
high,842
though,2618
spread,1690
d,17
gallium,2461
alveolar,902
sheet,2871
coding,1144
king,34
regulator,977
dominant,2026
anti,235
domestic,3476
hcmv,3492
dab,252
diagnose,2753
conjugated,3273
ensure,1055
inoculation,3568
dbdeae,340
others,1006
multiplex,3299
aid,2953
sixteen,2406
poxviruses,2961
rv,3021
cda,719
localized,1551
fusion,485
generated,2625
inconsistency,3707
differential,1016
clinical,25
encountered,2824
particularly,2391
specificity,2361
recovery,248
similarly,1973
experimentally,3558
array,1021
mysql,2500
visible,3852
sales,1673
way,543
optional,3724
tertiary,2922
could,1736
baxter,3669
changing,2986
workplace,2694
report,1093
indicates,1845
nested,153
mortem,2781
been,972
interpreted,2850
simulation,2678
actin,3311
less,3020
tcid,1358
nitric,42
differs,1763
complete,1026
papers,333
german,3435
lc,3773
double,221
deficient,941
clarified,3430
produced,2331
infiltration,2646
linkages,3486
found,630
ga,2462
edr,704
head,3101
ending,3760
sirnas,3203
sepsis,1283
ancient,1387
matching,669
ddc,624
suggested,1079
changes,536
evolutionary,1383
environmental,3072
medium,3151
pi,3033
composed,1095
accumulate,2064
correlated,3713
option,2800
artifactual,3721
channels,3298
involves,1036
archival,3519
embryonal,3636
predicted,2366
antibody,2661
manner,1027
considered,2830
rich,1776
adults,1322
gggaaac,3651
yellow,3302
susceptible,1702
united,1208
asia,2390
electrophoresis,726
over,1636
synergistic,651
appear,1437
applied,2179
national,2095
gc,2874
cellular,680
assurance,2775
pathogenesis,662
becoming,2792
biology,754
teacher,2853
four,804
clearance,3789
signatures,3220
nonmedical,3614
infantile,1897
alignment,2409
back,2394
also,904
spectroscopy,3705
preferable,3157
matched,3345
text,2505
pmc,38
participates,893
causative,2959
potently,3493
muts,3689
transmitted,2403
support,856
encompasses,1104
us,1023
proteinases,1161
classifiers,724
thought,3412
expense,2905
learned,689
publicly,1949
terms,3546
people,263
situ,3447
evidence,310
abnormal,945
competitiveness,3469
vertebrates,1995
methylated,3053
predictive,3178
prompted,2350
own,2315
characteristics,3443
healthstar,2838
survive,642
acquired,606
ebd,90
defective,2032
ribosomal,101
infectious,528
aaf,196
winter,1679
polyproteins,2355
nine,3426
bcf,681
promote,3788
rodents,997
von,3523
setting,505
analogue,3196
quantity,3732
verify,2731
fbc,597
from,163
san,2876
cycles,1929
ccae,440
full,3691
event,180
guess,2223
fairness,3019
mhv,1092
resistant,374
probably,3066
codes,1126
horizontal,568
extended,2943
particulate,1955
resulting,3358
woolf,1588
capacity,2681
increases,2903
hours,2653
emphasize,3205
bp,3334
neutrophils,928
household,2692
advantage,2219
putatively,3761
objective,760
fab,167
query,3395
unidentified,3428
competencies,3843
continues,1685
throughout,2211
chart,763
time,214
pred,3117
computational,478
congenital,3022
mimicry,2950
autophagosomal,742
parent,3176
frogs,1918
ecologic,267
prf,3662
assume,2819
choosing,2555
dropped,3815
reasoning,3003
guidance,3015
alleles,1573
aadcaa,275
lung,48
dna,250
sharing,1908
microarray,1858
five,2289
anticipated,1939
determination,667
landmarks,1740
surrounding,2523
ethicist,2807
leadership,3004
treaty,616
donors,2654
non,121
participants,2805
abnormally,948
images,675
interacts,925
acquisition,3434
presentation,2744
pbmcs,2652
pose,2434
strongly,1078
networks,1639
suffered,1726
bunyaviridae,2855
disease,49
approaches,1015
assays,2656
o,628
international,138
variety,921
observation,940
sides,2238
affected,784
trans,1176
variation,623
rin,3710
bronchoalveolar,2452
ring,427
homology,520
microtubule,298
unusual,176
finding,839
factors,734
signature,572
orf,2897
conserved,492
word,1824
inflammation,878
circumstantial,955
aedb,188
lungs,385
furthermore,1548
story,3863
aafb,18
dispensed,2786
multi,338
reorganized,2079
following,826
sample,3429
reverse,732
angels,3533
validated,2547
capable,2428
effects,746
lipopolysaccharides,951
able,641
sufficient,2689
fold,112
maintenance,3838
technology,1328
viral,246
sera,1151
ecf,439
stage,1830
infiltrates,2449
indoor,1375
saccharomyces,3775
genuses,2857
fdd,228
watson,3644
deb,380
conducted,1334
salmonella,1517
monoxide,192
animal,2747
affect,2568
functional,1113
infections,32
regions,1554
continuity,3805
fe,195
awareness,2686
bd,330
surveys,3603
af,227
pressures,2641
risks,3855
pathogen,1122
deterred,3802
search,1561
evolution,1245
persistent,2448
speed,2401
projection,3537
pronounced,3765
gap,3563
research,3
neighbor,1811
whilst,3833
bind,2041
both,984
cbd,103
market,3813
dense,3456
response,73
subgroups,2316
accompanied,2713
qiaamp,1349
given,2852
acknowledged,3006
respond,947
clinically,994
usage,244
dinman,3671
oligosaccharides,922
antigen,1087
potentially,2111
versus,823
regulating,1053
compartmentalization,3455
safety,3633
induction,3027
reservoir,1747
th,326
expensive,3416
provides,1110
thorough,3235
independent,723
difficult,2983
occurs,1081
devised,1809
excluded,1582
except,838
each,1174
heterologous,546
develop,1706
database,1654
protease,2575
chymotrypsin,111
pneumonia,807
hijacking,2948
applies,1658
was,787
prove,1885
aureus,376
computer,693
iii,1542
vocs,2503
uba,292
jeddah,757
length,1764
suitable,1190
are,321
akt,3034
phosphate,2574
range,1861
wide,418
dce,40
main,107
absence,2938
reflect,1732
visualized,3452
impact,700
cytokine,2666
depends,1062
routine,455
congruent,1385
incorporation,3197
reflected,2900
eeb,194
distributions,3737
criteria,3241
generally,3411
deleterious,3255
significance,2733
oligomerized,964
australia,648
lna,561
accountability,2991
integrated,3068
abundant,679
previous,2220
irradiation,151
attractive,2939
many,960
microarrays,251
free,466
completion,2801
beads,3290
uk,2147
yield,1051
replication,654
biodefense,2975
ranking,3309
proteinase,108
even,2688
rates,2419
ranged,2467
exact,1597
confers,1464
virtue,1472
agents,1330
camelpox,3304
golgi,1518
lipopolysaccharide,1486
schools,1377
states,1514
engendered,2616
ongoing,2970
poorly,2405
recombinants,3569
remains,2404
web,1668
cbdbcf,718
residues,1106
examples,2155
infrastructure,2097
shift,1145
assessment,722
endogenous,1428
runs,2512
selective,1531
associated,806
protocol,450
island,1541
upa,1835
fermentor,3145
american,2825
cigarette,1509
events,2141
implemented,2536
twofold,2296
methyladenine,3048
autoimmune,1563
risk,1570
effect,149
geographical,1946
scvs,1526
escape,2700
examined,1574
favors,2473
limits,1473
lines,855
trial,1259
isolation,369
probable,1581
scv,1528
defects,1892
taiwanese,1587
assembly,2075
legislation,3082
eaa,596
our,835
organization,299
colours,3293
impaired,3043
account,1705
group,1604
http,2980
fear,1457
detailed,2480
extensively,1552
upper,808
severity,1607
tree,1810
exacerbations,1314
cytopathic,3025
phrase,1456
tlr,2670
passaging,3470
significantly,1608
kinetics,2024
upregulation,1483
necrosis,3102
product,2037
fourth,2894
peoples,1619
pylori,1395
correcting,712
set,1221
temperature,553
comparison,2308
registration,1646
visit,685
coagulation,2665
components,2374
febrile,1753
improving,2157
seven,1649
grew,3465
relational,1653
deadly,2400
general,1621
warehousing,1656
lymphocytes,929
restraint,707
lavage,2453
thousands,2383
caspase,3026
inducible,1463
inhaled,895
centrosome,300
prognosis,1986
small,1331
interest,1294
algorithms,1662
demonstrated,1319
filter,1356
circulation,983
underwent,3605
encodes,2578
avl,1347
simultaneous,1557
operates,1682
comparative,2336
primer,2764
skills,2813
determinants,1447
metrics,3711
internal,2872
trees,1392
histories,1384
interpretation,3131
u,2899
nidoviruses,1213
shown,1529
never,2236
drugs,1157
mainstay,2230
represented,2607
caused,1689
nidovirales,1210
making,2123
highlight,3393
nematodes,2009
prss,2576
applications,1366
possibilities,3251
mutations,401
searched,2841
attention,1298
relationships,1403
jurisdictions,3849
oxoglutarate,3044
entered,3864
content,2481
odds,1590
typing,1577
subtilis,3229
therefore,1556
chip,2275
biosensors,3276
technically,3415
mass,2702
indicate,1627
background,1312
scope,885
stimulatory,1416
correlation,1807
optimal,2756
working,1991
convenient,1722
morbidity,1950
linkage,3285
surfaces,2937
distinguish,1379
conferred,2586
analyse,2139
mutant,2027
cumulatively,2324
population,1389
activation,1792
specimens,770
proteome,2046
cytoplasm,2020
utilizing,1978
carrying,3463
reporter,3755
olympics,1680
intermolecular,3349
x,1412
promoted,1443
pancreatic,3529
obtained,1355
appropriately,963
leased,1640
dramatically,2078
precautions,370
utilised,2146
condition,3119
oxygenase,190
mouse,1091
rejection,1480
suffering,3126
populated,1611
helix,2925
invasion,1533
parameters,3096
scanning,696
rays,3108
before,2129
controversial,2278
sin,2603
believe,2341
hypothesize,3508
significant,1625
peptidases,1890
survey,3473
ramifications,3477
fraction,3672
substantial,3824
herpesviruses,3491
fatal,1894
acdc,360
should,1373
slippage,179
iron,1499
phagocyte,870
sent,1643
passing,2340
upg,1838
heptad,1772
levels,129
costs,1278
microspheres,3282
kingdom,2099
intent,3095
healthcare,2105
disruption,1549
gis,2093
enterica,1520
promise,1286
torsional,706
therapy,1290
weather,1750
membranous,3791
optimize,2854
frequency,1622
particle,3541
enormous,2207
visits,3583
deduced,2534
lamp,3772
precondition,2288
leader,1030
choropleth,2189
lacks,2028
buried,3383
hope,2233
mrna,1075
induce,3783
whenever,2712
phleboviruses,2860
emphasis,1513
strand,83
screening,1568
exposure,1269
results,779
cf,60
ccfe,187
bacteriophage,3547
emerging,527
test,1598
univariate,1659
zebra,1917
counted,3522
uua,3750
various,854
unique,1037
finite,2135
asymmetric,1170
migrations,1390
virulence,1515
compare,2298
copies,3423
canada,2242
hcov,2891
survived,2470
used,1363
act,2112
played,3763
empirical,3351
tissue,1474
m,768
eukaryotes,1408
pairing,1063
workers,1565
detected,2292
genus,2884
similar,836
review,315
withdrawal,3528
regular,2317
consecutive,645
failure,1264
iev,2074
reticulocyte,2049
products,1133
roniviruses,1206
analysing,2202
detect,1324
steroids,320
adenine,437
restrictive,1266
reminiscent,2080
presupposed,2329
neurodegenerative,1895
noninvasive,1291
orthologous,2501
genetic,1407
under,2145
flaviviridae,2869
prolyl,3316
atg,3777
initiatives,2170
e,41
reactivation,2273
notation,3320
contaminated,2280
debate,125
limiting,1493
yielded,1819
cultivated,1870
elements,1005
centre,2067
result,1272
vff,3526
deduce,2942
dataset,2311
lack,1236
dff,124
solving,2116
determine,1336
findings,1244
drawbacks,2254
deletion,3326
adapted,2636
into,1138
conform,1823
height,1992
let,2232
atm,3335
adoption,2165
retroviruses,2888
faa,701
faced,2809
targets,1516
solved,2912
despite,2143
incomplete,1730
temperatures,2758
further,1624
oligonucleotide,2657
ribosomes,1436
typically,1409
deaths,1316
looked,3224
peg,3657
contribution,857
confidently,2820
ionizing,2724
symposium,139
matter,1956
here,1010
producer,3144
studying,2268
invested,3553
commonwealth,3084
utah,1684
replicase,1847
recovering,1877
aerosol,1320
comparatively,3246
helicobacter,1394
twh,2321
categories,1650
constant,1849
emerged,2389
assign,3377
illustrates,1199
entrapment,2567
demand,1854
goals,2804
implement,2551
expertise,3408
lead,1893
open,1155
cloned,1875
shortened,3820
gp,1762
training,2795
intracellular,1519
least,1131
important,995
problem,2115
functions,1074
them,1606
applying,1688
final,3618
carcinogenesis,2598
transferrin,2463
automatically,1644
confirmed,1882
correct,2491
confounding,1982
haemoglobin,128
nurse,3170
creating,2006
sedolisin,1888
election,3851
choice,1041
aids,1786
z,1837
element,493
entry,1759
prokaryotes,570
complexed,2036
putative,2519
overexpression,2022
experiences,2803
cocaine,2286
nor,1903
hiv,232
characterized,1232
itself,2945
bda,158
fisher,1596
plasmids,2581
inhibiting,1790
inconsistent,1729
subjects,3103
implementing,1686
pathogenicity,389
charged,2933
responsible,1761
cytometers,3296
revises,2327
saudi,758
stable,3164
subject,2293
isolates,805
dimers,1169
spike,603
cdna,3726
varied,1944
bronchiolitis,809
memorable,1455
plays,1070
liver,1288
second,2303
mediated,562
susceptibility,1599
serious,2248
larger,3382
across,1945
discharge,3094
explained,1948
nucleotide,392
fitting,1961
access,695
berne,1234
trss,1054
evaluated,1952
developing,3867
superfamily,3045
organizing,2066
continued,2709
controls,2412
tetra,1801
patterns,1666
foreskin,3494
accdabefe,524
exposures,1965
tested,2291
stott,3645
distress,1284
assuming,2691
showed,1967
innocuous,1716
milestones,3858
uses,2156
concern,2957
cow,1913
ci,1972
taken,1398
statistics,1979
trained,2357
wt,3517
alterations,1000
eligible,2843
rhinoviruses,1317
zipper,1771
psi,3386
claimed,1940
exist,1744
orthologue,3656
twice,1974
cpg,1834
silencing,3058
wavelet,3538
malaise,812
temporal,1671
protected,1724
providing,2955
statistical,1661
insect,2748
hygiene,2829
availability,2158
cftr,2370
proceeds,2076
prophylactic,1699
syndrome,207
january,771
exocrine,907
l,1252
centres,2226
tweaking,2126
aee,445
latest,2160
virologist,1990
efforts,2188
frequently,2251
best,1211
fellows,2802
crystal,93
driven,2094
requiring,1997
decisions,2222
powerful,1843
monte,2539
score,3620
bioterrorism,2159
labelled,3271
participated,3597
art,1300
accurately,3352
fall,795
surrounded,1539
mode,1677
investigation,1988
proliferation,2346
geoinformatics,2186
road,2173
district,3817
therapeutic,2940
induces,1451
feasible,2484
link,3432
stores,1652
above,2721
intervention,2848
resources,2136
airways,982
defense,59
degradometer,3709
escherichia,1423
alternative,452
discrimination,1833
inoculated,2655
already,3146
blinded,3611
pocket,1938
interviews,2997
illustrate,2152
femoral,3100
trimester,3023
erk,3038
within,494
create,2928
eed,78
lysis,2569
political,3832
yet,2142
fluid,2454
biological,969
meeting,1306
carlo,2540
immediately,2441
almost,1932
sets,3181
virtual,1637
bronchiolar,903
summary,12
phenomenon,3190
airborne,146
organic,897
ever,2476
weighted,3536
conditions,877
synergize,3510
perform,3234
viability,3042
explore,1712
repaired,3050
bdc,399
tracking,3601
sulfur,1957
offset,2739
because,830
publication,3353
axial,3002
partially,1947
bed,66
agar,2593
fbf,359
pregnancy,3024
fair,3011
closest,1828
improvement,3009
needed,1628
oligomer,2947
adds,3861
dcdac,525
herpesvirus,3303
reveal,2890
magnitude,2417
currently,1681
myeloperoxidase,872
phase,3118
reliability,3704
schizosaccharomyces,2001
reading,1139
mammals,280
funding,2985
copy,1040
overcomes,3419
rigorous,2915
preventive,3847
joining,1226
cochrane,2839
unresolved,3431
replicating,2659
several,859
republic,265
frameshifting,171
cumbersome,3414
meet,3005
linux,2514
have,851
agency,2174
contributes,899
allow,3148
knowledge,694
elevated,844
ras,3035
died,829
recovered,825
fungal,2749
careful,2407
killing,2564
which,992
bronchial,818
igg,538
ensuring,2438
signs,816
dynactin,2069
symptoms,813
majority,1537
ctcf,2577
functionally,3067
records,776
probe,3350
december,772
triggered,3248
quarantine,3085
surprising,1935
considerably,2788
variants,1719
processing,1159
investigations,2558
failed,2040
cd,219
astroviruses,2914
thus,1445
precursors,3166
combines,1242
foreign,3480
chief,1647
moderate,365
technological,1855
updateable,3599
although,849
this,761
arabia,759
subfamily,991
sp,892
proteins,294
ventilatory,2458
etiology,1562
identify,290
phenotype,952
immune,576
late,1896
school,474
lists,3310
spermatogenic,3460
precautionary,1749
trade,557
reductions,3819
prominent,1846
platform,1859
part,1181
regulation,277
caring,2217
infects,2895
syncytial,986
displayed,1831
immunocompromised,820
propeptide,3159
acid,448
yeast,279
infants,789
herpes,381
feca,208
emergence,2397
with,113
contagious,3585
readings,3174
substitute,1504
instead,889
junctions,1076
users,1664
table,3391
gene,69
heterogeneous,282
level,393
go,1829
apoptosis,514
latent,2274
predict,2352
resolve,2237
transfers,569
root,2556
discussed,1512
replicative,3781
procedure,3723
hospital,37
than,798
tympanic,554
subtraction,3728
genera,2968
ducts,908
confer,405
located,1147
another,1047
traditional,2751
humans,996
representational,729
exert,1788
clearly,1914
igf,402
surgical,1460
in,47
life,1928
stimuli,1477
off,2443
covid,0
initiated,2710
asthma,1313
threat,1850
reovirus,408
mri,3124
genbank,1866
rna,82
cln,255
as,451
accessible,1931
lactis,541
spoons,2283
widely,1560
selection,586
lactococcus,540
development,958
edc,325
children,475
cloaked,229
eeaae,53
feline,1826
point,3622
terminal,482
selecting,1603
batch,1676
bfce,522
st,137
base,391
done,3175
analog,1149
immunodeficiency,2265
liberalization,3187
methods,766
polymorphism,351
microorganisms,896
curation,2972
cure,3865
testing,2791
responses,419
sustaining,2808
markers,1553
fitness,639
panel,3300
principles,2178
guide,3010
explored,242
peroxidase,874
bioinformatic,518
regulatory,2056
peptides,1793
care,142
nascent,1043
aag,1432
hexanucleotide,3736
peptidase,254
pneumovirus,75
early,1631
aromatic,1775
add,647
efa,523
ii,403
specimen,2776
caee,145
handwashing,2826
uninfected,3747
unclear,2447
magnetic,3122
days,2455
area,887
fcov,1827
influenza,305
ultraviolet,150
www,2981
bc,166
healthy,1585
roles,2061
c,19
traits,2818
applicable,1374
plasmid,3740
inhibit,1368
growth,1471
relevance,356
quantification,3559
quickly,2252
policy,750
alphaviridae,2868
sentinel,2140
prediction,2363
documents,2994
cycle,3574
ornithine,1993
ceccf,198
transfusion,1267
recruitment,2042
de,135
subtracting,3745
cultures,769
sars,224
mixes,2766
ends,2318
updated,3389
ataxia,3336
yyz,1414
minimize,2410
readouts,2271
insight,2672
cannot,1378
transfer,84
novel,98
august,2545
experimental,2896
rct,1260
other,239
numbers,2478
ad,220
co,1057
critical,329
low,388
individual,1879
fellowship,461
p,291
determined,2863
sputa,2780
informational,500
generic,2762
organ,1263
want,3576
goal,1250
surveillance,217
mottle,738
enveloped,2073
load,2295
proof,3294
accumulations,946
unlikely,2343
files,2506
rt,154
amino,967
measures,1700
focuses,890
conductance,2369
overall,545
physically,1876
elucidate,1188
bilirubin,1496
cfa,270
decreased,3134
called,1524
mosaic,3565
cac,281
suffer,2643
strategic,2750
suggesting,1507
seeking,3803
reveals,109
variable,2660
dye,3339
ab,257
repositories,3725
mainly,1923
analyses,479
gastrointestinal,910
distinct,1620
plus,1049
mediator,46
acute,205
stages,3425
phlebovirus,2877
frontline,2210
oxidative,434
well,1862
its,306
surprisingly,1237
effectiveness,463
between,231
fully,1865
quasipecies,2619
progress,1310
brought,2644
ubiquitous,1887
western,2729
likely,821
machinery,743
be,226
challenges,2161
whom,780
polyamine,276
enfuvirtide,1784
structure,94
design,1629
australian,749
communicable,2823
carboxyl,481
translation,173
alter,3162
nucleation,2088
biased,1983
analyzing,1600
contains,2263
examine,2650
electron,673
developed,1323
linking,3595
preschool,840
biochemical,862
poxvirus,495
recipient,3213
contents,3795
pcr,155
ebad,256
sector,3839
respect,1505
ethicists,459
occasional,2648
protecting,3057
glycoprotein,2873
more,797
lipofuscinosis,1900
assembled,2063
cerevisiae,3776
residue,1183
express,3782
remarkably,1502
visitor,3590
mutational,410
expression,70
primary,1067
aac,3751
brussels,1279
badb,705
fluorophore,3292
recently,331
structures,1546
steps,2563
exogenous,1508
fragmented,3685
real,213
all,334
consistent,937
soft,2592
additional,1584
loss,2086
equations,2531
paramyxoviridae,990
community,422
presence,643
pla,3113
prospective,690
strains,398
affinity,3195
accommodate,1191
recent,604
fugu,1916
staphylococcus,375
clinics,3818
reconcile,1721
outbreak,11
requirement,2919
present,822
hundreds,2245
includes,2856
wavelets,668
tone,980
assisted,1217
segment,1779
faceted,339
millions,16
isoleucine,1770
showing,2333
portion,2639
dfc,503
sharp,2923
peptidyl,3315
intervals,3381
mutagenesis,1058
reassessed,622
measurements,3167
reports,3147
germicidal,1365
home,3169
immediate,745
activity,970
bunyavirus,2864
rendering,2190
quality,721
recognise,2358
heme,189
bacterium,1393
projects,2971
equally,3570
survival,509
depleted,1427
def,409
j,3642
bioinformatics,348
shuffling,716
inhibitory,1789
ho,1462
trinitrobenzene,3514
volume,3812
measured,2466
probes,3272
soluble,1094
bilayer,2882
by,100
data,837
