wordID,docIDs
1918,p34ezktf
1917,p34ezktf
1915,p34ezktf
1914,p34ezktf
1913,ztkjm79p
1910,ztkjm79p
1907,ztkjm79p
1906,ztkjm79p
1901,4mnaicki
1897,4mnaicki
1896,754nln40
1893,754nln40
1892,754nln40
1891,754nln40
1889,754nln40
1888,754nln40
1886,754nln40
1884,402ls2aq
1883,402ls2aq
1882,402ls2aq
1878,402ls2aq
1876,1pq6dkl5
1874,1pq6dkl5
1873,1pq6dkl5
1871,1pq6dkl5
1870,1pq6dkl5
1869,snqdma0s
1868,snqdma0s
1912,ztkjm79p
1865,snqdma0s
1863,snqdma0s
1860,5dk231qs
1859,5dk231qs
1857,5dk231qs
1854,mcfmxqp2
1847,mcfmxqp2
1841,xiv9vxdp
1838,xiv9vxdp
1836,xiv9vxdp
1834,jw1lxwyd
1831,jw1lxwyd
1829,jw1lxwyd
1828,jw1lxwyd
1827,i4pmux28
1826,i4pmux28
1825,i4pmux28
1824,i4pmux28
1822,i4pmux28
1821,i4pmux28
1819,i4pmux28
1817,i4pmux28
1816,i4pmux28
1815,i4pmux28
1814,i4pmux28
1811,i4pmux28
1808,i4pmux28
1805,i4pmux28
1804,i4pmux28
1820,i4pmux28
1803,i4pmux28
1802,i4pmux28
1800,i4pmux28
1799,i4pmux28
1798,i4pmux28
1797,i4pmux28
1810,i4pmux28
1796,i4pmux28
1795,i4pmux28
1794,i4pmux28
1793,i4pmux28
1790,i4pmux28
1788,i4pmux28
1786,i4pmux28
1785,i4pmux28
1780,i4pmux28
1779,i4pmux28
1778,i4pmux28
1862,snqdma0s
1861,5dk231qs
1774,i4pmux28
1772,i4pmux28
1770,i4pmux28
1769,i4pmux28
1767,i4pmux28
1765,i4pmux28
1763,i4pmux28
1761,i4pmux28
1759,i4pmux28
1758,i4pmux28
1752,i4pmux28
1750,i4pmux28
1746,i4pmux28
1744,i4pmux28
1742,i4pmux28
1840,xiv9vxdp
1740,i4pmux28
1739,i4pmux28
1735,i4pmux28
1732,i4pmux28
1731,i4pmux28
1729,i4pmux28
1725,i4pmux28
1905,ztkjm79p
1720,i4pmux28
1719,i4pmux28
1718,i4pmux28
1716,i4pmux28
1715,i4pmux28
1714,i4pmux28
1904,4mnaicki
1711,i4pmux28
1710,i4pmux28
1708,i4pmux28
1706,i4pmux28
1705,i4pmux28
1700,i4pmux28
1696,i4pmux28
1695,i4pmux28
1693,i4pmux28
1691,i4pmux28
1721,i4pmux28
1689,i4pmux28
1688,i4pmux28
1687,i4pmux28
1686,i4pmux28
1741,i4pmux28
1699,i4pmux28
1684,i4pmux28
1683,i4pmux28
1681,i4pmux28
1845,mcfmxqp2
1680,i4pmux28
1676,i4pmux28
1675,i4pmux28
1670,i4pmux28
1668,i4pmux28
1667,i4pmux28
1665,i4pmux28
1736,i4pmux28
1664,i4pmux28
1663,i4pmux28
1661,i4pmux28
1846,mcfmxqp2
1660,i4pmux28
1657,i4pmux28
1655,i4pmux28
1654,i4pmux28
1652,i4pmux28
1649,i4pmux28
1809,i4pmux28
1648,i4pmux28
1647,i4pmux28
1645,i4pmux28
1900,4mnaicki
1643,i4pmux28
1642,i4pmux28
1640,i4pmux28
1639,i4pmux28
1638,i4pmux28
1637,i4pmux28
1635,i4pmux28
1630,i4pmux28
1629,i4pmux28
1627,i4pmux28
1625,i4pmux28
1624,i4pmux28
1622,i4pmux28
1621,i4pmux28
1619,i4pmux28
1618,i4pmux28
1614,i4pmux28
1612,i4pmux28
1610,i4pmux28
1609,i4pmux28
1601,i4pmux28
1600,i4pmux28
1599,i4pmux28
1747,i4pmux28
1598,i4pmux28
1595,i4pmux28
1593,i4pmux28
1592,i4pmux28
1589,i4pmux28
1588,i4pmux28
1586,i4pmux28
1581,i4pmux28
1580,i4pmux28
1576,i4pmux28
1575,i4pmux28
1569,i4pmux28
1568,i4pmux28
1567,i4pmux28
1566,i4pmux28
1565,i4pmux28
1564,i4pmux28
1563,i4pmux28
1562,i4pmux28
1582,i4pmux28
1560,i4pmux28
1558,i4pmux28
1557,i4pmux28
1551,i4pmux28
1550,i4pmux28
1547,i4pmux28
1544,i4pmux28
1679,i4pmux28
1543,i4pmux28
1539,i4pmux28
1538,i4pmux28
1537,i4pmux28
1536,i4pmux28
1533,i4pmux28
1531,i4pmux28
1607,i4pmux28
1529,i4pmux28
1528,i4pmux28
1527,i4pmux28
1524,i4pmux28
1522,i4pmux28
1520,i4pmux28
1518,i4pmux28
1517,i4pmux28
1515,i4pmux28
1513,i4pmux28
1512,i4pmux28
1511,i4pmux28
1508,i4pmux28
1505,i4pmux28
1504,i4pmux28
1503,i4pmux28
1523,i4pmux28
1502,i4pmux28
1501,i4pmux28
1497,i4pmux28
1493,i4pmux28
1489,i4pmux28
1484,i4pmux28
1483,i4pmux28
1482,i4pmux28
1478,i4pmux28
1879,402ls2aq
1474,i4pmux28
1471,i4pmux28
1470,i4pmux28
1469,i4pmux28
1468,i4pmux28
1463,i4pmux28
1462,i4pmux28
1480,i4pmux28
1461,i4pmux28
1460,i4pmux28
1459,i4pmux28
1519,i4pmux28
1456,i4pmux28
1455,i4pmux28
1454,i4pmux28
1451,zowp10ts
1449,zowp10ts
1448,zowp10ts
1447,zowp10ts
1633,i4pmux28
1446,zowp10ts
1445,zowp10ts
1443,89xnnvuv
1442,89xnnvuv;i4pmux28
1766,i4pmux28
1743,i4pmux28
1441,89xnnvuv
1440,89xnnvuv
1437,89xnnvuv
1435,89xnnvuv;mcfmxqp2
1434,89xnnvuv
1792,i4pmux28
1433,89xnnvuv
1431,89xnnvuv
1426,89xnnvuv
1423,89xnnvuv;i4pmux28
1422,89xnnvuv
1421,89xnnvuv
1420,89xnnvuv
1419,89xnnvuv
1417,89xnnvuv
1415,89xnnvuv
1414,89xnnvuv
1412,89xnnvuv
1411,89xnnvuv
1410,89xnnvuv
1407,89xnnvuv
1402,89xnnvuv
1397,89xnnvuv
1396,89xnnvuv
1908,ztkjm79p
1393,89xnnvuv
1390,89xnnvuv
1429,89xnnvuv
1388,89xnnvuv
1387,89xnnvuv
1386,89xnnvuv
1813,i4pmux28
1656,i4pmux28
1383,89xnnvuv
1382,89xnnvuv
1379,89xnnvuv
1378,89xnnvuv
1377,89xnnvuv
1376,89xnnvuv
1375,89xnnvuv
1556,i4pmux28
1424,89xnnvuv
1374,89xnnvuv
1372,89xnnvuv
1371,89xnnvuv
1365,89xnnvuv
1364,89xnnvuv
1363,89xnnvuv
1362,89xnnvuv;i4pmux28
1408,89xnnvuv
1359,89xnnvuv;i4pmux28
1358,89xnnvuv;i4pmux28
1571,i4pmux28
1485,i4pmux28
1357,89xnnvuv
1356,89xnnvuv
1355,89xnnvuv
1354,89xnnvuv
1577,i4pmux28
1353,89xnnvuv
1351,89xnnvuv
1347,89xnnvuv
1346,89xnnvuv
1345,89xnnvuv;i4pmux28
1344,89xnnvuv
1343,89xnnvuv
1342,89xnnvuv
1338,89xnnvuv
1488,i4pmux28
1336,89xnnvuv
1615,i4pmux28
1334,89xnnvuv
1333,89xnnvuv
1332,89xnnvuv
1328,89xnnvuv
1325,89xnnvuv
1324,89xnnvuv;i4pmux28
1323,89xnnvuv
1322,89xnnvuv
1321,89xnnvuv;i4pmux28
1881,402ls2aq
1514,i4pmux28
1318,89xnnvuv;i4pmux28
1317,89xnnvuv
1312,89xnnvuv
1307,89xnnvuv
1305,89xnnvuv
1304,89xnnvuv
1303,89xnnvuv
1301,89xnnvuv;i4pmux28
1380,89xnnvuv
1300,89xnnvuv
1299,89xnnvuv
1296,89xnnvuv
1294,89xnnvuv
1291,89xnnvuv
1290,89xnnvuv
1287,89xnnvuv
1286,89xnnvuv
1285,89xnnvuv;i4pmux28
1830,jw1lxwyd
1781,i4pmux28
1280,89xnnvuv
1278,89xnnvuv
1275,89xnnvuv;i4pmux28
1273,89xnnvuv;i4pmux28
1864,snqdma0s
1272,89xnnvuv
1271,89xnnvuv;i4pmux28
1267,89xnnvuv
1266,89xnnvuv
1265,89xnnvuv
1263,89xnnvuv
1717,i4pmux28
1261,89xnnvuv;i4pmux28
1260,89xnnvuv
1259,89xnnvuv
1254,89xnnvuv
1252,89xnnvuv
1251,89xnnvuv;i4pmux28
1250,89xnnvuv
1249,89xnnvuv
1248,89xnnvuv
1247,89xnnvuv
1246,89xnnvuv
1499,i4pmux28
1245,89xnnvuv
1241,89xnnvuv
1238,89xnnvuv;i4pmux28
1237,89xnnvuv
1726,i4pmux28
1236,89xnnvuv
1400,89xnnvuv
1235,89xnnvuv
1234,89xnnvuv
1233,89xnnvuv
1229,89xnnvuv
1228,89xnnvuv
1227,89xnnvuv
1698,i4pmux28;754nln40
1224,89xnnvuv
1222,89xnnvuv
1221,89xnnvuv;i4pmux28
1217,89xnnvuv;i4pmux28
1216,89xnnvuv;i4pmux28
1213,89xnnvuv
1211,89xnnvuv
1210,89xnnvuv
1208,89xnnvuv
1206,89xnnvuv
1205,89xnnvuv
1204,89xnnvuv
1203,89xnnvuv
1384,89xnnvuv
1202,89xnnvuv
1201,89xnnvuv;i4pmux28
1200,89xnnvuv
1198,89xnnvuv
1195,89xnnvuv
1594,i4pmux28
1194,89xnnvuv
1579,i4pmux28
1191,89xnnvuv
1190,89xnnvuv
1189,89xnnvuv
1232,89xnnvuv
1186,89xnnvuv
1182,89xnnvuv
1176,89xnnvuv
1175,89xnnvuv
1340,89xnnvuv
1174,89xnnvuv
1171,89xnnvuv
1168,89xnnvuv;i4pmux28
1167,89xnnvuv
1166,89xnnvuv
1791,i4pmux28
1678,i4pmux28
1628,i4pmux28
1163,89xnnvuv;i4pmux28
1161,89xnnvuv
1632,i4pmux28
1160,89xnnvuv
1159,89xnnvuv
1157,89xnnvuv
1682,i4pmux28
1154,89xnnvuv
1152,89xnnvuv
1151,89xnnvuv
1149,89xnnvuv
1875,1pq6dkl5
1148,89xnnvuv
1147,89xnnvuv;i4pmux28
1145,89xnnvuv
1144,89xnnvuv
1143,89xnnvuv
1140,89xnnvuv
1138,89xnnvuv
1709,i4pmux28
1137,89xnnvuv
1135,89xnnvuv
1133,89xnnvuv
1132,89xnnvuv
1131,89xnnvuv
1129,89xnnvuv
1126,89xnnvuv
1297,89xnnvuv
1125,89xnnvuv
1124,89xnnvuv
1123,89xnnvuv
1634,i4pmux28
1525,i4pmux28
1120,89xnnvuv
1193,89xnnvuv
1119,89xnnvuv
1230,89xnnvuv;i4pmux28
1114,89xnnvuv
1113,89xnnvuv
1111,89xnnvuv
1110,89xnnvuv;i4pmux28
1109,89xnnvuv;i4pmux28
535,mvxz7lx7;89xnnvuv
72,04cuk2cn;mvxz7lx7;89xnnvuv;i4pmux28
536,mvxz7lx7
1608,i4pmux28
532,mvxz7lx7
531,mvxz7lx7
1405,89xnnvuv
1169,89xnnvuv;i4pmux28
523,mvxz7lx7;89xnnvuv;i4pmux28
1458,i4pmux28
518,mvxz7lx7;i4pmux28
1276,89xnnvuv
519,mvxz7lx7
1063,89xnnvuv
1162,89xnnvuv
515,mvxz7lx7;89xnnvuv
514,mvxz7lx7
945,89xnnvuv;i4pmux28
511,mvxz7lx7
1789,i4pmux28
1444,89xnnvuv;i4pmux28
508,mvxz7lx7;89xnnvuv;i4pmux28
504,mvxz7lx7
503,mvxz7lx7
502,mvxz7lx7
501,mvxz7lx7
1542,i4pmux28
61,04cuk2cn
499,mvxz7lx7
505,mvxz7lx7
496,mvxz7lx7
495,mvxz7lx7;i4pmux28
1570,i4pmux28
491,mvxz7lx7;89xnnvuv;i4pmux28
482,mvxz7lx7
1293,89xnnvuv
479,mvxz7lx7
1316,89xnnvuv
1155,89xnnvuv
467,mvxz7lx7
464,mvxz7lx7
463,mvxz7lx7;i4pmux28
461,mvxz7lx7
459,mvxz7lx7
458,mvxz7lx7
457,mvxz7lx7
1776,i4pmux28
456,mvxz7lx7;89xnnvuv;i4pmux28
1909,ztkjm79p
1428,89xnnvuv
14,q1y8uscj
453,mvxz7lx7
1561,i4pmux28
449,mvxz7lx7
1264,89xnnvuv
1061,89xnnvuv
448,mvxz7lx7
446,mvxz7lx7
1771,i4pmux28
445,mvxz7lx7;89xnnvuv;i4pmux28
1764,i4pmux28
1559,i4pmux28
443,mvxz7lx7
442,mvxz7lx7;5dk231qs
441,mvxz7lx7
26,lgcmamfb;04cuk2cn;mvxz7lx7;89xnnvuv;i4pmux28;mcfmxqp2;754nln40
440,mvxz7lx7;89xnnvuv;i4pmux28
1578,i4pmux28
1282,89xnnvuv
439,mvxz7lx7;89xnnvuv
1395,89xnnvuv
435,mvxz7lx7;i4pmux28;p34ezktf
1850,mcfmxqp2
1430,89xnnvuv
433,mvxz7lx7
539,mvxz7lx7;89xnnvuv
540,mvxz7lx7;i4pmux28
1784,i4pmux28
429,mvxz7lx7
424,mvxz7lx7
1215,89xnnvuv;i4pmux28
1187,89xnnvuv
423,mvxz7lx7
1046,89xnnvuv
1604,i4pmux28
1506,i4pmux28
420,mvxz7lx7
921,89xnnvuv
1666,i4pmux28
419,mvxz7lx7
1219,89xnnvuv
418,mvxz7lx7
1858,5dk231qs
1733,i4pmux28
983,89xnnvuv
1590,i4pmux28
409,mvxz7lx7
410,mvxz7lx7
1369,89xnnvuv
408,mvxz7lx7;i4pmux28
407,mvxz7lx7;i4pmux28
34,lgcmamfb;mvxz7lx7;89xnnvuv;i4pmux28
403,mvxz7lx7;i4pmux28
474,mvxz7lx7
475,mvxz7lx7
473,mvxz7lx7;i4pmux28
398,mvxz7lx7
397,mvxz7lx7
1662,i4pmux28
1036,89xnnvuv
1037,89xnnvuv
1209,89xnnvuv
395,mvxz7lx7;89xnnvuv;i4pmux28
394,mvxz7lx7
431,mvxz7lx7
432,mvxz7lx7;89xnnvuv;i4pmux28;754nln40
1677,i4pmux28
383,mvxz7lx7
516,mvxz7lx7
384,mvxz7lx7;i4pmux28;p34ezktf
382,mvxz7lx7
381,mvxz7lx7
1749,i4pmux28
1302,89xnnvuv
380,mvxz7lx7;i4pmux28
379,mvxz7lx7;i4pmux28
493,mvxz7lx7
1651,i4pmux28
1279,89xnnvuv
494,mvxz7lx7
1314,89xnnvuv
378,mvxz7lx7;89xnnvuv;i4pmux28
377,mvxz7lx7
375,mvxz7lx7;i4pmux28
373,mvxz7lx7;i4pmux28
524,mvxz7lx7;i4pmux28
372,mvxz7lx7
1066,89xnnvuv
1197,89xnnvuv
369,mvxz7lx7;89xnnvuv;i4pmux28
364,mvxz7lx7
358,mvxz7lx7
1226,89xnnvuv
354,mvxz7lx7;i4pmux28
1450,zowp10ts
897,89xnnvuv
353,mvxz7lx7
349,mvxz7lx7
466,mvxz7lx7;89xnnvuv;i4pmux28
351,mvxz7lx7
1839,xiv9vxdp
346,mvxz7lx7
339,mvxz7lx7
415,mvxz7lx7;89xnnvuv
338,mvxz7lx7;89xnnvuv;i4pmux28
371,mvxz7lx7
75,04cuk2cn
1087,89xnnvuv
437,mvxz7lx7;89xnnvuv;i4pmux28
1404,89xnnvuv
1164,89xnnvuv
336,mvxz7lx7;89xnnvuv;i4pmux28
333,mvxz7lx7
331,mvxz7lx7
330,mvxz7lx7
329,mvxz7lx7;89xnnvuv;i4pmux28
328,mvxz7lx7;i4pmux28
326,mvxz7lx7
1016,89xnnvuv
343,mvxz7lx7
1439,89xnnvuv
345,mvxz7lx7;i4pmux28
320,mvxz7lx7;89xnnvuv;i4pmux28
318,mvxz7lx7
1516,i4pmux28
1258,89xnnvuv;i4pmux28
976,89xnnvuv
317,mvxz7lx7;i4pmux28
315,mvxz7lx7
1218,89xnnvuv;i4pmux28
316,mvxz7lx7
312,mvxz7lx7
1833,jw1lxwyd
537,mvxz7lx7;89xnnvuv
3,q1y8uscj;mvxz7lx7
1341,89xnnvuv
1000,89xnnvuv
1136,89xnnvuv
484,mvxz7lx7
310,mvxz7lx7
309,mvxz7lx7
308,mvxz7lx7
904,89xnnvuv
301,mvxz7lx7
302,mvxz7lx7
1108,89xnnvuv
299,mvxz7lx7
300,mvxz7lx7;89xnnvuv
1844,mcfmxqp2;754nln40
1180,89xnnvuv
293,mvxz7lx7
952,89xnnvuv
430,mvxz7lx7
953,89xnnvuv
288,mvxz7lx7;89xnnvuv
287,mvxz7lx7
286,mvxz7lx7;i4pmux28
1274,89xnnvuv
1008,89xnnvuv
405,mvxz7lx7;89xnnvuv;i4pmux28
1555,i4pmux28
18,q1y8uscj
292,mvxz7lx7;89xnnvuv
291,mvxz7lx7
281,mvxz7lx7;89xnnvuv;i4pmux28
1605,i4pmux28
282,mvxz7lx7;89xnnvuv
279,mvxz7lx7
1277,89xnnvuv
280,mvxz7lx7
306,mvxz7lx7
278,mvxz7lx7
1872,1pq6dkl5
277,mvxz7lx7
276,mvxz7lx7
1491,i4pmux28
275,mvxz7lx7;i4pmux28
274,mvxz7lx7;i4pmux28
325,mvxz7lx7;i4pmux28
271,mvxz7lx7
270,mvxz7lx7
1392,89xnnvuv
390,mvxz7lx7
268,mvxz7lx7;89xnnvuv;i4pmux28
1339,89xnnvuv
267,mvxz7lx7
266,mvxz7lx7
313,mvxz7lx7
265,mvxz7lx7
1587,i4pmux28
264,mvxz7lx7;89xnnvuv
263,mvxz7lx7
1242,89xnnvuv
261,mvxz7lx7
1381,89xnnvuv
259,mvxz7lx7
1256,89xnnvuv;i4pmux28
258,mvxz7lx7;89xnnvuv;i4pmux28
148,mvxz7lx7
323,mvxz7lx7;89xnnvuv;i4pmux28
1031,89xnnvuv
1118,89xnnvuv
118,mvxz7lx7
89,mvxz7lx7;i4pmux28
115,mvxz7lx7
1240,89xnnvuv
152,mvxz7lx7
112,mvxz7lx7;89xnnvuv
492,mvxz7lx7
1269,89xnnvuv
966,89xnnvuv
109,mvxz7lx7
402,mvxz7lx7;i4pmux28
105,mvxz7lx7
362,mvxz7lx7;i4pmux28
55,e62cfqt7
694,mvxz7lx7
100,mvxz7lx7
512,mvxz7lx7
97,mvxz7lx7
1583,i4pmux28
124,mvxz7lx7
886,4cvy9u28
272,mvxz7lx7;i4pmux28
978,89xnnvuv
98,mvxz7lx7
180,mvxz7lx7
262,mvxz7lx7
434,mvxz7lx7
1306,89xnnvuv
95,mvxz7lx7
1584,i4pmux28
1165,89xnnvuv
84,mvxz7lx7;89xnnvuv;i4pmux28
81,mvxz7lx7
16,q1y8uscj;i4pmux28
1703,i4pmux28
240,mvxz7lx7
125,mvxz7lx7
22,q1y8uscj;mvxz7lx7;89xnnvuv;i4pmux28
1348,89xnnvuv;i4pmux28
52,e62cfqt7
957,89xnnvuv
297,mvxz7lx7;89xnnvuv;i4pmux28
1644,i4pmux28
1603,i4pmux28
296,mvxz7lx7
1855,mcfmxqp2
12,q1y8uscj
78,04cuk2cn;mvxz7lx7;89xnnvuv;i4pmux28
1540,i4pmux28
135,mvxz7lx7
67,04cuk2cn
153,mvxz7lx7
64,04cuk2cn
1438,89xnnvuv
94,mvxz7lx7
647,mvxz7lx7
1179,89xnnvuv
249,mvxz7lx7;i4pmux28
250,mvxz7lx7;i4pmux28
131,mvxz7lx7
1890,754nln40
305,mvxz7lx7
1823,i4pmux28
63,04cuk2cn;mvxz7lx7;89xnnvuv;i4pmux28
1481,i4pmux28
96,mvxz7lx7
60,04cuk2cn
176,mvxz7lx7
1545,i4pmux28
177,mvxz7lx7;i4pmux28
142,mvxz7lx7
235,mvxz7lx7;89xnnvuv;i4pmux28
1574,i4pmux28
236,mvxz7lx7
237,mvxz7lx7
38,lgcmamfb
1554,i4pmux28
1212,89xnnvuv
490,mvxz7lx7
704,mvxz7lx7
215,mvxz7lx7
1690,i4pmux28
31,lgcmamfb
304,mvxz7lx7;89xnnvuv
697,mvxz7lx7
698,mvxz7lx7;i4pmux28
234,mvxz7lx7
1010,89xnnvuv
1541,i4pmux28
5,q1y8uscj;lgcmamfb;04cuk2cn;mvxz7lx7;89xnnvuv;i4pmux28;mcfmxqp2;5dk231qs
1697,i4pmux28
526,mvxz7lx7;89xnnvuv;i4pmux28
1745,i4pmux28
480,mvxz7lx7
1096,89xnnvuv
361,mvxz7lx7
17,q1y8uscj;mvxz7lx7;89xnnvuv;i4pmux28
613,mvxz7lx7
90,mvxz7lx7
87,mvxz7lx7;i4pmux28
24,lgcmamfb
1466,i4pmux28
0,q1y8uscj
507,mvxz7lx7
151,mvxz7lx7;89xnnvuv;i4pmux28
1327,89xnnvuv
340,mvxz7lx7
195,mvxz7lx7
1220,89xnnvuv
196,mvxz7lx7;i4pmux28
956,89xnnvuv
469,mvxz7lx7
122,mvxz7lx7
1103,89xnnvuv;i4pmux28
19,q1y8uscj
1255,89xnnvuv
1173,89xnnvuv
357,mvxz7lx7
900,89xnnvuv
901,89xnnvuv
23,lgcmamfb;mvxz7lx7
619,mvxz7lx7
620,mvxz7lx7;i4pmux28
1553,i4pmux28
178,mvxz7lx7
284,mvxz7lx7
1315,89xnnvuv
49,e62cfqt7
283,mvxz7lx7;i4pmux28
1007,89xnnvuv;i4pmux28
101,mvxz7lx7
360,mvxz7lx7
359,mvxz7lx7
85,mvxz7lx7
42,4u2re1cu
483,mvxz7lx7
996,89xnnvuv
389,mvxz7lx7;89xnnvuv;i4pmux28
45,4u2re1cu
1366,89xnnvuv
50,e62cfqt7
110,mvxz7lx7
370,mvxz7lx7
74,04cuk2cn
242,mvxz7lx7
1425,89xnnvuv
47,e62cfqt7
559,mvxz7lx7;i4pmux28
1052,89xnnvuv
1298,89xnnvuv;i4pmux28
15,q1y8uscj
412,mvxz7lx7
411,mvxz7lx7
1856,5dk231qs
874,m9rg6d3w
174,mvxz7lx7;i4pmux28
116,mvxz7lx7;i4pmux28
1331,89xnnvuv
71,04cuk2cn;89xnnvuv
186,mvxz7lx7
119,mvxz7lx7;i4pmux28
1107,89xnnvuv
92,mvxz7lx7
238,mvxz7lx7
1671,i4pmux28
10,q1y8uscj;xiv9vxdp
1207,89xnnvuv
584,mvxz7lx7
1837,xiv9vxdp
585,mvxz7lx7;89xnnvuv;i4pmux28
586,mvxz7lx7
1308,89xnnvuv
79,mvxz7lx7
37,lgcmamfb;i4pmux28
1722,i4pmux28
1313,89xnnvuv
686,mvxz7lx7
687,mvxz7lx7
1127,89xnnvuv
111,mvxz7lx7
1398,89xnnvuv
969,89xnnvuv
102,mvxz7lx7
88,mvxz7lx7
476,mvxz7lx7
28,lgcmamfb
489,mvxz7lx7
822,mvxz7lx7;i4pmux28
4,q1y8uscj
160,mvxz7lx7;i4pmux28
161,mvxz7lx7;i4pmux28
1751,i4pmux28
77,04cuk2cn;89xnnvuv
134,mvxz7lx7;89xnnvuv
106,mvxz7lx7;i4pmux28
1535,i4pmux28
425,mvxz7lx7
342,mvxz7lx7
1768,i4pmux28
269,mvxz7lx7;89xnnvuv;i4pmux28
76,04cuk2cn;89xnnvuv
224,mvxz7lx7;i4pmux28
365,mvxz7lx7;i4pmux28
478,mvxz7lx7;89xnnvuv;i4pmux28
1585,i4pmux28
1059,89xnnvuv
477,mvxz7lx7;i4pmux28
892,89xnnvuv
66,04cuk2cn
555,mvxz7lx7
500,mvxz7lx7;89xnnvuv;i4pmux28
103,mvxz7lx7
1755,i4pmux28
428,mvxz7lx7
13,q1y8uscj;lgcmamfb;04cuk2cn;mvxz7lx7;89xnnvuv;i4pmux28
303,mvxz7lx7;89xnnvuv
46,4u2re1cu
143,mvxz7lx7
1416,89xnnvuv
285,mvxz7lx7
7,q1y8uscj;mvxz7lx7;89xnnvuv;5dk231qs
1018,89xnnvuv
1368,89xnnvuv
158,mvxz7lx7;89xnnvuv
44,4u2re1cu
401,mvxz7lx7
556,mvxz7lx7
8,q1y8uscj;mvxz7lx7;89xnnvuv;i4pmux28
1413,89xnnvuv
754,mvxz7lx7;89xnnvuv
193,mvxz7lx7;89xnnvuv;i4pmux28;mcfmxqp2
1730,i4pmux28
40,4u2re1cu
191,mvxz7lx7
221,mvxz7lx7;89xnnvuv;i4pmux28
173,mvxz7lx7
29,lgcmamfb
1453,i4pmux28
183,mvxz7lx7
182,mvxz7lx7;89xnnvuv
209,mvxz7lx7;89xnnvuv
210,mvxz7lx7
406,mvxz7lx7
30,lgcmamfb
32,lgcmamfb;mvxz7lx7;89xnnvuv;i4pmux28
1646,i4pmux28
736,mvxz7lx7
348,mvxz7lx7
1692,i4pmux28
155,mvxz7lx7;i4pmux28
1465,i4pmux28
154,mvxz7lx7;89xnnvuv;i4pmux28
1812,i4pmux28
465,mvxz7lx7
82,mvxz7lx7
882,4cvy9u28
225,mvxz7lx7
1473,i4pmux28
35,lgcmamfb;mvxz7lx7
1724,i4pmux28
156,mvxz7lx7;89xnnvuv
157,mvxz7lx7
65,04cuk2cn
385,mvxz7lx7
972,89xnnvuv
973,89xnnvuv
48,e62cfqt7
485,mvxz7lx7;i4pmux28
51,e62cfqt7
632,mvxz7lx7
1337,89xnnvuv
327,mvxz7lx7
114,mvxz7lx7
993,89xnnvuv
59,04cuk2cn;89xnnvuv;754nln40
171,mvxz7lx7
1880,402ls2aq
367,mvxz7lx7
992,89xnnvuv
366,mvxz7lx7
896,89xnnvuv
188,mvxz7lx7
971,89xnnvuv
436,mvxz7lx7
113,mvxz7lx7
57,04cuk2cn;89xnnvuv
363,mvxz7lx7
798,mvxz7lx7;89xnnvuv;i4pmux28
799,mvxz7lx7
58,04cuk2cn;89xnnvuv
356,mvxz7lx7
1738,i4pmux28
1288,89xnnvuv
355,mvxz7lx7;89xnnvuv;i4pmux28
444,mvxz7lx7
944,89xnnvuv
1409,89xnnvuv
226,mvxz7lx7;89xnnvuv
27,lgcmamfb
170,mvxz7lx7;i4pmux28
462,mvxz7lx7
1005,89xnnvuv;i4pmux28
246,mvxz7lx7
1606,i4pmux28
247,mvxz7lx7
130,mvxz7lx7;89xnnvuv
392,mvxz7lx7;89xnnvuv
1062,89xnnvuv
1674,i4pmux28
132,mvxz7lx7;89xnnvuv
133,mvxz7lx7
1757,i4pmux28
870,m9rg6d3w
107,mvxz7lx7
136,mvxz7lx7
202,mvxz7lx7
108,mvxz7lx7
104,mvxz7lx7
1,q1y8uscj;04cuk2cn;mvxz7lx7;89xnnvuv;i4pmux28;754nln40;p34ezktf
231,mvxz7lx7
1801,i4pmux28
521,mvxz7lx7;89xnnvuv;i4pmux28
140,mvxz7lx7
1842,xiv9vxdp;5dk231qs
1756,i4pmux28
1142,89xnnvuv
941,89xnnvuv
141,mvxz7lx7
1360,89xnnvuv
1185,89xnnvuv
99,mvxz7lx7;89xnnvuv;i4pmux28
1476,i4pmux28
146,mvxz7lx7
147,mvxz7lx7
902,89xnnvuv
1047,89xnnvuv
527,mvxz7lx7;89xnnvuv;i4pmux28
1017,89xnnvuv
199,mvxz7lx7
314,mvxz7lx7;89xnnvuv;i4pmux28
200,mvxz7lx7
1098,89xnnvuv
335,mvxz7lx7
164,mvxz7lx7
149,mvxz7lx7
73,04cuk2cn
220,mvxz7lx7
393,mvxz7lx7;89xnnvuv;i4pmux28
184,mvxz7lx7
488,mvxz7lx7;89xnnvuv;i4pmux28
487,mvxz7lx7
1060,89xnnvuv
181,mvxz7lx7
1139,89xnnvuv
159,mvxz7lx7
452,mvxz7lx7
1032,89xnnvuv
530,mvxz7lx7
163,mvxz7lx7
388,mvxz7lx7
190,mvxz7lx7
162,mvxz7lx7
1723,i4pmux28
929,89xnnvuv
166,mvxz7lx7
123,mvxz7lx7
165,mvxz7lx7
167,mvxz7lx7
169,mvxz7lx7
1243,89xnnvuv
41,4u2re1cu
43,4u2re1cu
808,mvxz7lx7
989,89xnnvuv
396,mvxz7lx7;89xnnvuv;i4pmux28
376,mvxz7lx7
172,mvxz7lx7;i4pmux28
1022,89xnnvuv;i4pmux28
347,mvxz7lx7;i4pmux28;p34ezktf
179,mvxz7lx7
187,mvxz7lx7
192,mvxz7lx7
961,89xnnvuv
506,mvxz7lx7
197,mvxz7lx7
386,mvxz7lx7;i4pmux28
198,mvxz7lx7
175,mvxz7lx7
201,mvxz7lx7
204,mvxz7lx7
254,mvxz7lx7;i4pmux28
255,mvxz7lx7;89xnnvuv;i4pmux28
211,mvxz7lx7;i4pmux28
648,mvxz7lx7
212,mvxz7lx7;i4pmux28
1498,i4pmux28
93,mvxz7lx7
203,mvxz7lx7
400,mvxz7lx7
205,mvxz7lx7
206,mvxz7lx7
307,mvxz7lx7
245,mvxz7lx7
1239,89xnnvuv
938,89xnnvuv
244,mvxz7lx7;89xnnvuv;i4pmux28
1849,mcfmxqp2;5dk231qs;754nln40
208,mvxz7lx7;89xnnvuv;i4pmux28
1641,i4pmux28
214,mvxz7lx7
213,mvxz7lx7
1620,i4pmux28
252,mvxz7lx7
1903,4mnaicki
350,mvxz7lx7;89xnnvuv;i4pmux28
251,mvxz7lx7;89xnnvuv
1898,4mnaicki
194,mvxz7lx7
185,mvxz7lx7
341,mvxz7lx7;89xnnvuv;i4pmux28
937,89xnnvuv
1775,i4pmux28
1573,i4pmux28
218,mvxz7lx7
219,mvxz7lx7
227,mvxz7lx7
228,mvxz7lx7;i4pmux28
1077,89xnnvuv
421,mvxz7lx7
229,mvxz7lx7
137,mvxz7lx7
239,mvxz7lx7
298,mvxz7lx7
257,mvxz7lx7
256,mvxz7lx7
541,mvxz7lx7
1887,754nln40
542,mvxz7lx7
543,mvxz7lx7;i4pmux28
1128,89xnnvuv
544,mvxz7lx7;89xnnvuv;i4pmux28
1335,89xnnvuv
1023,89xnnvuv
545,mvxz7lx7
1623,i4pmux28
547,mvxz7lx7;i4pmux28
548,mvxz7lx7
549,mvxz7lx7
1895,754nln40
1707,i4pmux28
1659,i4pmux28
80,mvxz7lx7
550,mvxz7lx7
551,mvxz7lx7;i4pmux28
552,mvxz7lx7
1843,mcfmxqp2;754nln40
553,mvxz7lx7;i4pmux28
554,mvxz7lx7
1611,i4pmux28
557,mvxz7lx7;89xnnvuv
561,mvxz7lx7
562,mvxz7lx7;89xnnvuv
399,mvxz7lx7
563,mvxz7lx7
564,mvxz7lx7;i4pmux28
1009,89xnnvuv
565,mvxz7lx7;i4pmux28
566,mvxz7lx7
567,mvxz7lx7
1090,89xnnvuv
1782,i4pmux28
145,mvxz7lx7;89xnnvuv;i4pmux28
568,mvxz7lx7
1231,89xnnvuv
1170,89xnnvuv
334,mvxz7lx7
569,mvxz7lx7
223,mvxz7lx7;i4pmux28
570,mvxz7lx7
1866,snqdma0s
1432,89xnnvuv
571,mvxz7lx7
572,mvxz7lx7
1787,i4pmux28
1292,89xnnvuv
232,mvxz7lx7
573,mvxz7lx7;89xnnvuv;i4pmux28;mcfmxqp2;754nln40
1452,zowp10ts
1033,89xnnvuv;i4pmux28
574,mvxz7lx7
1225,89xnnvuv
1069,89xnnvuv
472,mvxz7lx7
69,04cuk2cn;mvxz7lx7;89xnnvuv;i4pmux28;mcfmxqp2;754nln40
575,mvxz7lx7
471,mvxz7lx7
576,mvxz7lx7;i4pmux28
577,mvxz7lx7
1044,89xnnvuv
481,mvxz7lx7
578,mvxz7lx7
1713,i4pmux28
579,mvxz7lx7
580,mvxz7lx7
1223,89xnnvuv
468,mvxz7lx7
581,mvxz7lx7
582,mvxz7lx7
1728,i4pmux28
1281,89xnnvuv;i4pmux28
538,mvxz7lx7;89xnnvuv
583,mvxz7lx7;i4pmux28
587,mvxz7lx7
588,mvxz7lx7;89xnnvuv
560,mvxz7lx7
589,mvxz7lx7
590,mvxz7lx7
591,mvxz7lx7
1115,89xnnvuv
592,mvxz7lx7
289,mvxz7lx7
83,mvxz7lx7
593,mvxz7lx7
594,mvxz7lx7
117,mvxz7lx7
595,mvxz7lx7
596,mvxz7lx7
597,mvxz7lx7;89xnnvuv;i4pmux28
368,mvxz7lx7;i4pmux28
598,mvxz7lx7;89xnnvuv;i4pmux28
1602,i4pmux28
1530,i4pmux28
1464,i4pmux28
352,mvxz7lx7;89xnnvuv;i4pmux28;5dk231qs
413,mvxz7lx7;i4pmux28
600,mvxz7lx7
1748,i4pmux28
417,mvxz7lx7
601,mvxz7lx7
602,mvxz7lx7;89xnnvuv
603,mvxz7lx7
1320,89xnnvuv
606,mvxz7lx7
607,mvxz7lx7
1832,jw1lxwyd
374,mvxz7lx7
68,04cuk2cn
608,mvxz7lx7;i4pmux28
1704,i4pmux28
1701,i4pmux28
1116,89xnnvuv
609,mvxz7lx7;i4pmux28
610,mvxz7lx7
1102,89xnnvuv
611,mvxz7lx7
1319,89xnnvuv
128,mvxz7lx7
612,mvxz7lx7
391,mvxz7lx7;89xnnvuv;i4pmux28
614,mvxz7lx7
1352,89xnnvuv
615,mvxz7lx7
1295,89xnnvuv
616,mvxz7lx7
9,q1y8uscj
604,mvxz7lx7
617,mvxz7lx7;89xnnvuv
1853,mcfmxqp2
321,mvxz7lx7
936,89xnnvuv
618,mvxz7lx7
1753,i4pmux28
1019,89xnnvuv
621,mvxz7lx7
1184,89xnnvuv
120,mvxz7lx7
622,mvxz7lx7
509,mvxz7lx7;i4pmux28
623,mvxz7lx7;89xnnvuv
625,mvxz7lx7
626,mvxz7lx7;i4pmux28
876,m9rg6d3w
454,mvxz7lx7;89xnnvuv;i4pmux28
627,mvxz7lx7
628,mvxz7lx7
248,mvxz7lx7;89xnnvuv
629,mvxz7lx7
630,mvxz7lx7
631,mvxz7lx7
634,mvxz7lx7
635,mvxz7lx7;89xnnvuv;i4pmux28
1475,i4pmux28
636,mvxz7lx7
344,mvxz7lx7
638,mvxz7lx7
1436,89xnnvuv
639,mvxz7lx7;89xnnvuv
1916,p34ezktf
1818,i4pmux28
640,mvxz7lx7
1042,89xnnvuv
1043,89xnnvuv
1526,i4pmux28
1041,89xnnvuv
641,mvxz7lx7
642,mvxz7lx7
1401,89xnnvuv
529,mvxz7lx7
54,e62cfqt7
643,mvxz7lx7
1549,i4pmux28
644,mvxz7lx7;89xnnvuv;i4pmux28
645,mvxz7lx7
1532,i4pmux28
1289,89xnnvuv
605,mvxz7lx7
649,mvxz7lx7
1509,i4pmux28
510,mvxz7lx7
650,mvxz7lx7
651,mvxz7lx7
144,mvxz7lx7
1086,89xnnvuv
1477,i4pmux28
1309,89xnnvuv
652,mvxz7lx7;89xnnvuv
1852,mcfmxqp2
1196,89xnnvuv
653,mvxz7lx7;89xnnvuv
273,mvxz7lx7
654,mvxz7lx7
655,mvxz7lx7
656,mvxz7lx7;89xnnvuv;i4pmux28
657,mvxz7lx7;89xnnvuv
624,mvxz7lx7
658,mvxz7lx7
1394,89xnnvuv
659,mvxz7lx7
660,mvxz7lx7
661,mvxz7lx7;89xnnvuv;i4pmux28
404,mvxz7lx7
662,mvxz7lx7
663,mvxz7lx7
664,mvxz7lx7;i4pmux28
416,mvxz7lx7
243,mvxz7lx7
665,mvxz7lx7
666,mvxz7lx7
667,mvxz7lx7
1150,89xnnvuv
1028,89xnnvuv
668,mvxz7lx7
1013,89xnnvuv
1326,89xnnvuv
1253,89xnnvuv
1183,89xnnvuv
669,mvxz7lx7;i4pmux28
670,mvxz7lx7
1494,i4pmux28
522,mvxz7lx7
672,mvxz7lx7
217,mvxz7lx7;89xnnvuv
1053,89xnnvuv
1694,i4pmux28
1054,89xnnvuv
62,04cuk2cn
1055,89xnnvuv
1056,89xnnvuv
673,mvxz7lx7
1350,89xnnvuv;i4pmux28
872,m9rg6d3w
675,mvxz7lx7
676,mvxz7lx7
677,mvxz7lx7
1025,89xnnvuv
1835,jw1lxwyd
873,m9rg6d3w
678,mvxz7lx7
599,mvxz7lx7;89xnnvuv
679,mvxz7lx7
908,89xnnvuv
1467,i4pmux28
1117,89xnnvuv
681,mvxz7lx7
332,mvxz7lx7
682,mvxz7lx7
683,mvxz7lx7
1685,i4pmux28
1003,89xnnvuv
684,mvxz7lx7
688,mvxz7lx7;89xnnvuv
689,mvxz7lx7
1158,89xnnvuv
690,mvxz7lx7
691,mvxz7lx7
138,mvxz7lx7;89xnnvuv;i4pmux28
692,mvxz7lx7
693,mvxz7lx7
533,mvxz7lx7;89xnnvuv
948,89xnnvuv
1082,89xnnvuv
207,mvxz7lx7
695,mvxz7lx7;89xnnvuv;i4pmux28
696,mvxz7lx7;i4pmux28
699,mvxz7lx7;i4pmux28
700,mvxz7lx7
1534,i4pmux28
1121,89xnnvuv
427,mvxz7lx7
701,mvxz7lx7;i4pmux28
702,mvxz7lx7
1783,i4pmux28
703,mvxz7lx7
705,mvxz7lx7
706,mvxz7lx7;89xnnvuv;i4pmux28
1807,i4pmux28
707,mvxz7lx7
708,mvxz7lx7;i4pmux28
709,mvxz7lx7
710,mvxz7lx7
1899,4mnaicki
711,mvxz7lx7;i4pmux28
33,lgcmamfb
712,mvxz7lx7
1521,i4pmux28
1192,89xnnvuv
713,mvxz7lx7
714,mvxz7lx7
1851,mcfmxqp2
1083,89xnnvuv
1754,i4pmux28
715,mvxz7lx7
1146,89xnnvuv
923,89xnnvuv
1268,89xnnvuv
56,04cuk2cn
716,mvxz7lx7
337,mvxz7lx7;89xnnvuv;i4pmux28
717,mvxz7lx7
1546,i4pmux28
718,mvxz7lx7
719,mvxz7lx7
720,mvxz7lx7
1089,89xnnvuv
637,mvxz7lx7
721,mvxz7lx7
968,89xnnvuv
1552,i4pmux28
1361,89xnnvuv;i4pmux28
722,mvxz7lx7;i4pmux28
294,mvxz7lx7;89xnnvuv;i4pmux28
723,mvxz7lx7
916,89xnnvuv
725,mvxz7lx7
726,mvxz7lx7;89xnnvuv
1507,i4pmux28
1074,89xnnvuv
727,mvxz7lx7;89xnnvuv
438,mvxz7lx7
728,mvxz7lx7
729,mvxz7lx7
730,mvxz7lx7
1727,i4pmux28
1617,i4pmux28
1597,i4pmux28
426,mvxz7lx7;89xnnvuv;i4pmux28
731,mvxz7lx7;89xnnvuv;i4pmux28
934,89xnnvuv
732,mvxz7lx7
21,q1y8uscj
733,mvxz7lx7;89xnnvuv;i4pmux28
1613,i4pmux28
734,mvxz7lx7
2,q1y8uscj;i4pmux28
738,mvxz7lx7
216,mvxz7lx7
910,89xnnvuv
253,mvxz7lx7;89xnnvuv
671,mvxz7lx7;89xnnvuv
739,mvxz7lx7
36,lgcmamfb;i4pmux28
740,mvxz7lx7
741,mvxz7lx7;89xnnvuv;i4pmux28
1257,89xnnvuv
743,mvxz7lx7
744,mvxz7lx7
745,mvxz7lx7;89xnnvuv;i4pmux28
746,mvxz7lx7
747,mvxz7lx7
1244,89xnnvuv;i4pmux28
91,mvxz7lx7
1057,89xnnvuv
1406,89xnnvuv
1058,89xnnvuv
1760,i4pmux28
748,mvxz7lx7
750,mvxz7lx7
751,mvxz7lx7
752,mvxz7lx7
1885,402ls2aq
753,mvxz7lx7
460,mvxz7lx7
422,mvxz7lx7
755,mvxz7lx7
1867,snqdma0s
756,mvxz7lx7;i4pmux28
735,mvxz7lx7;89xnnvuv;i4pmux28
757,mvxz7lx7
758,mvxz7lx7
759,mvxz7lx7
11,q1y8uscj
760,mvxz7lx7
1616,i4pmux28
761,mvxz7lx7;89xnnvuv
1496,i4pmux28
762,mvxz7lx7
763,mvxz7lx7;89xnnvuv
86,mvxz7lx7;89xnnvuv;i4pmux28
764,mvxz7lx7
1134,89xnnvuv
765,mvxz7lx7
889,89xnnvuv
1626,i4pmux28
1177,89xnnvuv
766,mvxz7lx7
1038,89xnnvuv
767,mvxz7lx7
1349,89xnnvuv
39,4u2re1cu
742,mvxz7lx7;89xnnvuv
768,mvxz7lx7
1071,89xnnvuv
1072,89xnnvuv
450,mvxz7lx7;i4pmux28
770,mvxz7lx7
771,mvxz7lx7
772,mvxz7lx7;i4pmux28
773,mvxz7lx7
774,mvxz7lx7
775,mvxz7lx7
776,mvxz7lx7;89xnnvuv
1418,89xnnvuv
517,mvxz7lx7
777,mvxz7lx7
319,mvxz7lx7
778,mvxz7lx7;89xnnvuv
779,mvxz7lx7
1153,89xnnvuv
780,mvxz7lx7;i4pmux28
781,mvxz7lx7;i4pmux28
1389,89xnnvuv
881,4cvy9u28
1492,i4pmux28
53,e62cfqt7;ztkjm79p
783,mvxz7lx7
784,mvxz7lx7;89xnnvuv
786,mvxz7lx7;i4pmux28
1181,89xnnvuv;i4pmux28
787,mvxz7lx7;89xnnvuv
1737,i4pmux28
788,mvxz7lx7
1902,4mnaicki
139,mvxz7lx7
789,mvxz7lx7;89xnnvuv
790,mvxz7lx7
1457,i4pmux28
1130,89xnnvuv
791,mvxz7lx7
793,mvxz7lx7
470,mvxz7lx7;89xnnvuv
546,mvxz7lx7
794,mvxz7lx7;89xnnvuv;i4pmux28
290,mvxz7lx7;i4pmux28
795,mvxz7lx7
796,mvxz7lx7;i4pmux28
887,89xnnvuv
797,mvxz7lx7;i4pmux28
801,mvxz7lx7
1270,89xnnvuv
802,mvxz7lx7
1596,i4pmux28
1284,89xnnvuv
803,mvxz7lx7;89xnnvuv;i4pmux28
1427,89xnnvuv;i4pmux28
150,mvxz7lx7
804,mvxz7lx7
805,mvxz7lx7
1773,i4pmux28
1035,89xnnvuv
806,mvxz7lx7;89xnnvuv
646,mvxz7lx7
807,mvxz7lx7
1199,89xnnvuv;i4pmux28
809,mvxz7lx7
6,q1y8uscj
891,89xnnvuv
810,mvxz7lx7
811,mvxz7lx7;89xnnvuv
812,mvxz7lx7
813,mvxz7lx7
814,mvxz7lx7;89xnnvuv;i4pmux28
1712,i4pmux28
168,mvxz7lx7;89xnnvuv
815,mvxz7lx7;i4pmux28
816,mvxz7lx7
817,mvxz7lx7
1653,i4pmux28
818,mvxz7lx7
1762,i4pmux28
819,mvxz7lx7
821,mvxz7lx7
823,mvxz7lx7
824,mvxz7lx7
1156,89xnnvuv
311,mvxz7lx7
826,mvxz7lx7
1030,89xnnvuv
1283,89xnnvuv
1214,89xnnvuv
827,mvxz7lx7
534,mvxz7lx7
1085,89xnnvuv
828,mvxz7lx7;89xnnvuv
829,mvxz7lx7
749,mvxz7lx7
830,mvxz7lx7;89xnnvuv;i4pmux28
800,mvxz7lx7
831,mvxz7lx7
1024,89xnnvuv;i4pmux28
832,mvxz7lx7
833,mvxz7lx7;89xnnvuv
834,mvxz7lx7
127,mvxz7lx7
835,mvxz7lx7
513,mvxz7lx7
685,mvxz7lx7;i4pmux28
836,mvxz7lx7
837,mvxz7lx7;89xnnvuv;i4pmux28
838,mvxz7lx7
839,mvxz7lx7
840,mvxz7lx7
841,mvxz7lx7
497,mvxz7lx7
842,mvxz7lx7;i4pmux28
222,mvxz7lx7
844,mvxz7lx7
241,mvxz7lx7
845,mvxz7lx7
1012,89xnnvuv
846,mvxz7lx7
847,mvxz7lx7
848,mvxz7lx7
849,mvxz7lx7
850,mvxz7lx7;89xnnvuv
851,mvxz7lx7
852,mvxz7lx7;i4pmux28
769,mvxz7lx7
853,mvxz7lx7
854,mvxz7lx7
1141,89xnnvuv
955,89xnnvuv
855,mvxz7lx7
121,mvxz7lx7
856,mvxz7lx7
939,89xnnvuv
857,mvxz7lx7
1806,i4pmux28
322,mvxz7lx7
324,mvxz7lx7;89xnnvuv;i4pmux28
20,q1y8uscj
858,mvxz7lx7;i4pmux28
859,mvxz7lx7
1178,89xnnvuv
860,mvxz7lx7
1777,i4pmux28
70,04cuk2cn
189,mvxz7lx7
861,mvxz7lx7;i4pmux28
233,mvxz7lx7
862,mvxz7lx7
863,mvxz7lx7
633,mvxz7lx7
864,mvxz7lx7
865,mvxz7lx7
1911,ztkjm79p
866,mvxz7lx7
867,mvxz7lx7;i4pmux28
820,mvxz7lx7;i4pmux28
868,mvxz7lx7;i4pmux28
869,mvxz7lx7;i4pmux28
1092,89xnnvuv
871,m9rg6d3w
875,m9rg6d3w
782,mvxz7lx7;89xnnvuv;i4pmux28
950,89xnnvuv
1848,mcfmxqp2
951,89xnnvuv
877,m9rg6d3w
414,mvxz7lx7
724,mvxz7lx7;i4pmux28
879,4cvy9u28
880,4cvy9u28
1310,89xnnvuv
883,4cvy9u28
884,4cvy9u28
1026,89xnnvuv
1329,89xnnvuv
885,4cvy9u28
1330,89xnnvuv
785,mvxz7lx7;89xnnvuv
888,89xnnvuv
890,89xnnvuv
893,89xnnvuv
1188,89xnnvuv
894,89xnnvuv
895,89xnnvuv;i4pmux28
1311,89xnnvuv
898,89xnnvuv
1486,i4pmux28
899,89xnnvuv
903,89xnnvuv;i4pmux28
528,mvxz7lx7;p34ezktf
905,89xnnvuv
1490,i4pmux28
906,89xnnvuv
907,89xnnvuv;i4pmux28
909,89xnnvuv
912,89xnnvuv
913,89xnnvuv
914,89xnnvuv
1399,89xnnvuv
1122,89xnnvuv
915,89xnnvuv;i4pmux28
917,89xnnvuv
919,89xnnvuv
1636,i4pmux28
920,89xnnvuv
922,89xnnvuv
1479,i4pmux28
924,89xnnvuv;i4pmux28
925,89xnnvuv
926,89xnnvuv
927,89xnnvuv
928,89xnnvuv
930,89xnnvuv
1262,89xnnvuv
451,mvxz7lx7
931,89xnnvuv;i4pmux28
932,89xnnvuv
1510,i4pmux28
792,mvxz7lx7;89xnnvuv;i4pmux28
933,89xnnvuv
1673,i4pmux28
1472,i4pmux28
935,89xnnvuv
1877,1pq6dkl5
1591,i4pmux28
940,89xnnvuv
1669,i4pmux28
230,mvxz7lx7;89xnnvuv;i4pmux28
975,89xnnvuv
942,89xnnvuv
1385,89xnnvuv
946,89xnnvuv
947,89xnnvuv
949,89xnnvuv
680,mvxz7lx7
954,89xnnvuv
959,89xnnvuv
962,89xnnvuv
1658,i4pmux28
1548,i4pmux28
963,89xnnvuv
1631,i4pmux28
964,89xnnvuv
965,89xnnvuv
967,89xnnvuv
970,89xnnvuv
1373,89xnnvuv
974,89xnnvuv
977,89xnnvuv
1894,754nln40
1500,i4pmux28
1391,89xnnvuv
979,89xnnvuv
918,89xnnvuv
1048,89xnnvuv
980,89xnnvuv;i4pmux28
981,89xnnvuv
984,89xnnvuv
911,89xnnvuv
985,89xnnvuv
1495,i4pmux28
1006,89xnnvuv
986,89xnnvuv
987,89xnnvuv
1702,i4pmux28
1403,89xnnvuv
988,89xnnvuv
295,mvxz7lx7;89xnnvuv;i4pmux28
990,89xnnvuv
991,89xnnvuv
994,89xnnvuv
995,89xnnvuv
997,89xnnvuv
998,89xnnvuv;i4pmux28
999,89xnnvuv
1001,89xnnvuv
520,mvxz7lx7
825,mvxz7lx7
1002,89xnnvuv
1734,i4pmux28
1672,i4pmux28
1004,89xnnvuv
455,mvxz7lx7
1011,89xnnvuv
1014,89xnnvuv
525,mvxz7lx7
1015,89xnnvuv
1020,89xnnvuv
1572,i4pmux28
126,mvxz7lx7
1021,89xnnvuv
1027,89xnnvuv
1029,89xnnvuv
1034,89xnnvuv
1172,89xnnvuv
1039,89xnnvuv
1040,89xnnvuv
878,4cvy9u28
1045,89xnnvuv;i4pmux28
387,mvxz7lx7
1073,89xnnvuv
1049,89xnnvuv
1050,89xnnvuv
1370,89xnnvuv
1051,89xnnvuv
1064,89xnnvuv
129,mvxz7lx7
1065,89xnnvuv;i4pmux28
737,mvxz7lx7;i4pmux28
1067,89xnnvuv
1068,89xnnvuv
958,89xnnvuv
1070,89xnnvuv
674,mvxz7lx7
1076,89xnnvuv
1078,89xnnvuv
1079,89xnnvuv
498,mvxz7lx7
558,mvxz7lx7;i4pmux28
982,89xnnvuv
1080,89xnnvuv
943,89xnnvuv;i4pmux28
1081,89xnnvuv
1084,89xnnvuv
1088,89xnnvuv
1367,89xnnvuv;i4pmux28
25,lgcmamfb;mvxz7lx7;i4pmux28;p34ezktf
1091,89xnnvuv
1650,i4pmux28
1093,89xnnvuv
260,mvxz7lx7
1094,89xnnvuv
1075,89xnnvuv
1095,89xnnvuv
1097,89xnnvuv
1487,i4pmux28
447,mvxz7lx7
486,mvxz7lx7;89xnnvuv;i4pmux28
1099,89xnnvuv
1100,89xnnvuv
1101,89xnnvuv
960,89xnnvuv
1104,89xnnvuv
1112,89xnnvuv;i4pmux28
843,mvxz7lx7
1105,89xnnvuv
1106,89xnnvuv
